<?xml version="1.0"?>
<gpx xmlns="http://www.topografix.com/GPX/1/1" xmlns:xsi="http://www.w3.org/2001/XMLSchema-instance" version="1.1" creator="AllTrails.com" xsi:schemaLocation="http://www.topografix.com/GPX/1/1 http://www.topografix.com/GPX/1/1/gpx.xsd">
  <metadata>
    <name><![CDATA[Custom route — Tatry Wysokie: Palenica Białczańska - Kuźnice]]></name>
    <desc><![CDATA[]]></desc>
    <link href="http://www.alltrails.com">
      <text>AllTrails, LLC</text>
    </link>
    <bounds minlat="49.20971" minlon="19.98052" maxlat="49.2695" maxlon="20.10303"/>
  </metadata>
  <trk>
    <name><![CDATA[Custom route — Tatry Wysokie: Palenica Białczańska - Kuźnice]]></name>
    <src>AllTrails</src>
    <trkseg>
      <trkpt lat="49.2695" lon="19.98052">
        <ele>1024.35</ele>
      </trkpt>
      <trkpt lat="49.26937" lon="19.98096">
        <ele>1023.28</ele>
      </trkpt>
      <trkpt lat="49.26934" lon="19.98102">
        <ele>1023.41</ele>
      </trkpt>
      <trkpt lat="49.2692" lon="19.98123">
        <ele>1025.02</ele>
      </trkpt>
      <trkpt lat="49.26904" lon="19.98139">
        <ele>1027.27</ele>
      </trkpt>
      <trkpt lat="49.269" lon="19.98147">
        <ele>1027.01</ele>
      </trkpt>
      <trkpt lat="49.26893" lon="19.98145">
        <ele>1028.57</ele>
      </trkpt>
      <trkpt lat="49.26879" lon="19.98137">
        <ele>1032.66</ele>
      </trkpt>
      <trkpt lat="49.26852" lon="19.98115">
        <ele>1041.9</ele>
      </trkpt>
      <trkpt lat="49.26848" lon="19.98114">
        <ele>1042.25</ele>
      </trkpt>
      <trkpt lat="49.26835" lon="19.98115">
        <ele>1043.03</ele>
      </trkpt>
      <trkpt lat="49.26787" lon="19.98118">
        <ele>1058.51</ele>
      </trkpt>
      <trkpt lat="49.26756" lon="19.98109">
        <ele>1059.4</ele>
      </trkpt>
      <trkpt lat="49.26727" lon="19.9809">
        <ele>1064.17</ele>
      </trkpt>
      <trkpt lat="49.26706" lon="19.98086">
        <ele>1074.35</ele>
      </trkpt>
      <trkpt lat="49.26677" lon="19.98083">
        <ele>1083.51</ele>
      </trkpt>
      <trkpt lat="49.26649" lon="19.98073">
        <ele>1081.1</ele>
      </trkpt>
      <trkpt lat="49.26632" lon="19.98063">
        <ele>1079.4</ele>
      </trkpt>
      <trkpt lat="49.26614" lon="19.9806">
        <ele>1077.46</ele>
      </trkpt>
      <trkpt lat="49.26605" lon="19.98062">
        <ele>1076.95</ele>
      </trkpt>
      <trkpt lat="49.26594" lon="19.98071">
        <ele>1075.21</ele>
      </trkpt>
      <trkpt lat="49.26584" lon="19.98086">
        <ele>1071.42</ele>
      </trkpt>
      <trkpt lat="49.26581" lon="19.98093">
        <ele>1070.85</ele>
      </trkpt>
      <trkpt lat="49.26569" lon="19.98111">
        <ele>1068.11</ele>
      </trkpt>
      <trkpt lat="49.26545" lon="19.98135">
        <ele>1067.85</ele>
      </trkpt>
      <trkpt lat="49.26536" lon="19.98142">
        <ele>1066.41</ele>
      </trkpt>
      <trkpt lat="49.26525" lon="19.9815">
        <ele>1065.9</ele>
      </trkpt>
      <trkpt lat="49.26488" lon="19.98174">
        <ele>1070.92</ele>
      </trkpt>
      <trkpt lat="49.26435" lon="19.98204">
        <ele>1079.73</ele>
      </trkpt>
      <trkpt lat="49.2641" lon="19.98225">
        <ele>1080.13</ele>
      </trkpt>
      <trkpt lat="49.26402" lon="19.9823">
        <ele>1080.23</ele>
      </trkpt>
      <trkpt lat="49.26358" lon="19.9825">
        <ele>1079.45</ele>
      </trkpt>
      <trkpt lat="49.26345" lon="19.9826">
        <ele>1080.54</ele>
      </trkpt>
      <trkpt lat="49.26337" lon="19.98269">
        <ele>1080.6</ele>
      </trkpt>
      <trkpt lat="49.26329" lon="19.9828">
        <ele>1080.98</ele>
      </trkpt>
      <trkpt lat="49.26303" lon="19.9833">
        <ele>1086.09</ele>
      </trkpt>
      <trkpt lat="49.26289" lon="19.98353">
        <ele>1090.75</ele>
      </trkpt>
      <trkpt lat="49.2628" lon="19.98371">
        <ele>1092.41</ele>
      </trkpt>
      <trkpt lat="49.26269" lon="19.98397">
        <ele>1095.98</ele>
      </trkpt>
      <trkpt lat="49.26262" lon="19.98424">
        <ele>1096.98</ele>
      </trkpt>
      <trkpt lat="49.26259" lon="19.9843">
        <ele>1097.28</ele>
      </trkpt>
      <trkpt lat="49.2625" lon="19.98443">
        <ele>1098.16</ele>
      </trkpt>
      <trkpt lat="49.26241" lon="19.98449">
        <ele>1100.37</ele>
      </trkpt>
      <trkpt lat="49.26236" lon="19.98455">
        <ele>1101.2</ele>
      </trkpt>
      <trkpt lat="49.26232" lon="19.98462">
        <ele>1101.53</ele>
      </trkpt>
      <trkpt lat="49.26229" lon="19.98471">
        <ele>1101.21</ele>
      </trkpt>
      <trkpt lat="49.26226" lon="19.98482">
        <ele>1098.94</ele>
      </trkpt>
      <trkpt lat="49.26225" lon="19.98499">
        <ele>1093.91</ele>
      </trkpt>
      <trkpt lat="49.26224" lon="19.98503">
        <ele>1092.89</ele>
      </trkpt>
      <trkpt lat="49.26222" lon="19.98506">
        <ele>1092.3</ele>
      </trkpt>
      <trkpt lat="49.26184" lon="19.98537">
        <ele>1098.43</ele>
      </trkpt>
      <trkpt lat="49.26156" lon="19.98551">
        <ele>1111.51</ele>
      </trkpt>
      <trkpt lat="49.2615" lon="19.98554">
        <ele>1114.54</ele>
      </trkpt>
      <trkpt lat="49.26137" lon="19.9857">
        <ele>1118.46</ele>
      </trkpt>
      <trkpt lat="49.26125" lon="19.98579">
        <ele>1120.01</ele>
      </trkpt>
      <trkpt lat="49.26121" lon="19.98583">
        <ele>1120.23</ele>
      </trkpt>
      <trkpt lat="49.26113" lon="19.98603">
        <ele>1116.84</ele>
      </trkpt>
      <trkpt lat="49.261" lon="19.98627">
        <ele>1113.45</ele>
      </trkpt>
      <trkpt lat="49.26067" lon="19.98672">
        <ele>1114.24</ele>
      </trkpt>
      <trkpt lat="49.26035" lon="19.98738">
        <ele>1116.94</ele>
      </trkpt>
      <trkpt lat="49.26027" lon="19.98761">
        <ele>1116.96</ele>
      </trkpt>
      <trkpt lat="49.25988" lon="19.98822">
        <ele>1129.72</ele>
      </trkpt>
      <trkpt lat="49.25981" lon="19.98836">
        <ele>1130.29</ele>
      </trkpt>
      <trkpt lat="49.25968" lon="19.98866">
        <ele>1128.24</ele>
      </trkpt>
      <trkpt lat="49.2596" lon="19.98882">
        <ele>1128.0</ele>
      </trkpt>
      <trkpt lat="49.25934" lon="19.98924">
        <ele>1130.51</ele>
      </trkpt>
      <trkpt lat="49.25912" lon="19.98949">
        <ele>1148.55</ele>
      </trkpt>
      <trkpt lat="49.25894" lon="19.98976">
        <ele>1155.63</ele>
      </trkpt>
      <trkpt lat="49.25879" lon="19.98994">
        <ele>1156.49</ele>
      </trkpt>
      <trkpt lat="49.2587" lon="19.99003">
        <ele>1157.15</ele>
      </trkpt>
      <trkpt lat="49.25853" lon="19.99022">
        <ele>1159.64</ele>
      </trkpt>
      <trkpt lat="49.25837" lon="19.99053">
        <ele>1160.49</ele>
      </trkpt>
      <trkpt lat="49.25827" lon="19.99066">
        <ele>1163.05</ele>
      </trkpt>
      <trkpt lat="49.25819" lon="19.99082">
        <ele>1165.64</ele>
      </trkpt>
      <trkpt lat="49.25817" lon="19.99096">
        <ele>1166.67</ele>
      </trkpt>
      <trkpt lat="49.25818" lon="19.99108">
        <ele>1166.76</ele>
      </trkpt>
      <trkpt lat="49.25814" lon="19.99118">
        <ele>1166.91</ele>
      </trkpt>
      <trkpt lat="49.25811" lon="19.9913">
        <ele>1165.48</ele>
      </trkpt>
      <trkpt lat="49.25809" lon="19.99144">
        <ele>1163.65</ele>
      </trkpt>
      <trkpt lat="49.25806" lon="19.99189">
        <ele>1162.83</ele>
      </trkpt>
      <trkpt lat="49.25799" lon="19.9922">
        <ele>1168.87</ele>
      </trkpt>
      <trkpt lat="49.25795" lon="19.99246">
        <ele>1170.35</ele>
      </trkpt>
      <trkpt lat="49.25787" lon="19.99282">
        <ele>1174.47</ele>
      </trkpt>
      <trkpt lat="49.25768" lon="19.99345">
        <ele>1183.56</ele>
      </trkpt>
      <trkpt lat="49.25757" lon="19.99371">
        <ele>1192.34</ele>
      </trkpt>
      <trkpt lat="49.25748" lon="19.99408">
        <ele>1202.43</ele>
      </trkpt>
      <trkpt lat="49.25745" lon="19.9943">
        <ele>1205.77</ele>
      </trkpt>
      <trkpt lat="49.25739" lon="19.99455">
        <ele>1210.65</ele>
      </trkpt>
      <trkpt lat="49.25738" lon="19.99464">
        <ele>1211.14</ele>
      </trkpt>
      <trkpt lat="49.25736" lon="19.99472">
        <ele>1212.61</ele>
      </trkpt>
      <trkpt lat="49.25734" lon="19.99474">
        <ele>1214.37</ele>
      </trkpt>
      <trkpt lat="49.25732" lon="19.99475">
        <ele>1216.16</ele>
      </trkpt>
      <trkpt lat="49.25729" lon="19.99471">
        <ele>1218.92</ele>
      </trkpt>
      <trkpt lat="49.25715" lon="19.99428">
        <ele>1228.61</ele>
      </trkpt>
      <trkpt lat="49.2571" lon="19.99382">
        <ele>1225.84</ele>
      </trkpt>
      <trkpt lat="49.25707" lon="19.99356">
        <ele>1221.06</ele>
      </trkpt>
      <trkpt lat="49.25701" lon="19.99341">
        <ele>1222.76</ele>
      </trkpt>
      <trkpt lat="49.257" lon="19.99335">
        <ele>1222.91</ele>
      </trkpt>
      <trkpt lat="49.25695" lon="19.99332">
        <ele>1225.16</ele>
      </trkpt>
      <trkpt lat="49.25693" lon="19.99333">
        <ele>1226.29</ele>
      </trkpt>
      <trkpt lat="49.2569" lon="19.99336">
        <ele>1227.5</ele>
      </trkpt>
      <trkpt lat="49.25666" lon="19.99339">
        <ele>1236.03</ele>
      </trkpt>
      <trkpt lat="49.2565" lon="19.99344">
        <ele>1241.38</ele>
      </trkpt>
      <trkpt lat="49.25635" lon="19.99352">
        <ele>1243.44</ele>
      </trkpt>
      <trkpt lat="49.25581" lon="19.9939">
        <ele>1260.64</ele>
      </trkpt>
      <trkpt lat="49.25555" lon="19.99403">
        <ele>1262.11</ele>
      </trkpt>
      <trkpt lat="49.25514" lon="19.99414">
        <ele>1264.33</ele>
      </trkpt>
      <trkpt lat="49.25499" lon="19.99421">
        <ele>1265.23</ele>
      </trkpt>
      <trkpt lat="49.25492" lon="19.99427">
        <ele>1265.77</ele>
      </trkpt>
      <trkpt lat="49.25483" lon="19.99431">
        <ele>1267.06</ele>
      </trkpt>
      <trkpt lat="49.25457" lon="19.99444">
        <ele>1273.78</ele>
      </trkpt>
      <trkpt lat="49.2544" lon="19.9945">
        <ele>1276.32</ele>
      </trkpt>
      <trkpt lat="49.2543" lon="19.99456">
        <ele>1278.26</ele>
      </trkpt>
      <trkpt lat="49.25406" lon="19.9948">
        <ele>1283.48</ele>
      </trkpt>
      <trkpt lat="49.25405" lon="19.99485">
        <ele>1285.72</ele>
      </trkpt>
      <trkpt lat="49.25407" lon="19.99489">
        <ele>1288.87</ele>
      </trkpt>
      <trkpt lat="49.25415" lon="19.99489">
        <ele>1292.66</ele>
      </trkpt>
      <trkpt lat="49.25419" lon="19.99492">
        <ele>1295.4</ele>
      </trkpt>
      <trkpt lat="49.25424" lon="19.99493">
        <ele>1296.86</ele>
      </trkpt>
      <trkpt lat="49.25426" lon="19.99496">
        <ele>1298.85</ele>
      </trkpt>
      <trkpt lat="49.25443" lon="19.99505">
        <ele>1309.73</ele>
      </trkpt>
      <trkpt lat="49.25463" lon="19.99529">
        <ele>1326.53</ele>
      </trkpt>
      <trkpt lat="49.25479" lon="19.99544">
        <ele>1325.21</ele>
      </trkpt>
      <trkpt lat="49.25482" lon="19.99554">
        <ele>1327.58</ele>
      </trkpt>
      <trkpt lat="49.25486" lon="19.9956">
        <ele>1329.84</ele>
      </trkpt>
      <trkpt lat="49.25495" lon="19.99563">
        <ele>1331.68</ele>
      </trkpt>
      <trkpt lat="49.25495" lon="19.9957">
        <ele>1335.14</ele>
      </trkpt>
      <trkpt lat="49.25492" lon="19.99582">
        <ele>1340.36</ele>
      </trkpt>
      <trkpt lat="49.25482" lon="19.99591">
        <ele>1340.72</ele>
      </trkpt>
      <trkpt lat="49.25479" lon="19.996">
        <ele>1343.14</ele>
      </trkpt>
      <trkpt lat="49.25478" lon="19.99607">
        <ele>1345.41</ele>
      </trkpt>
      <trkpt lat="49.25474" lon="19.99609">
        <ele>1346.14</ele>
      </trkpt>
      <trkpt lat="49.25464" lon="19.99607">
        <ele>1344.2</ele>
      </trkpt>
      <trkpt lat="49.2546" lon="19.99612">
        <ele>1345.03</ele>
      </trkpt>
      <trkpt lat="49.25457" lon="19.99614">
        <ele>1345.05</ele>
      </trkpt>
      <trkpt lat="49.2545" lon="19.99614">
        <ele>1343.87</ele>
      </trkpt>
      <trkpt lat="49.25447" lon="19.99619">
        <ele>1344.94</ele>
      </trkpt>
      <trkpt lat="49.25438" lon="19.99627">
        <ele>1346.02</ele>
      </trkpt>
      <trkpt lat="49.25433" lon="19.99635">
        <ele>1347.98</ele>
      </trkpt>
      <trkpt lat="49.25423" lon="19.99674">
        <ele>1368.38</ele>
      </trkpt>
      <trkpt lat="49.25423" lon="19.99761">
        <ele>1401.81</ele>
      </trkpt>
      <trkpt lat="49.25428" lon="19.99819">
        <ele>1410.79</ele>
      </trkpt>
      <trkpt lat="49.2543" lon="19.99828">
        <ele>1410.31</ele>
      </trkpt>
      <trkpt lat="49.25431" lon="19.99845">
        <ele>1412.76</ele>
      </trkpt>
      <trkpt lat="49.25434" lon="19.99857">
        <ele>1413.89</ele>
      </trkpt>
      <trkpt lat="49.25435" lon="19.99875">
        <ele>1418.25</ele>
      </trkpt>
      <trkpt lat="49.25438" lon="19.9989">
        <ele>1420.98</ele>
      </trkpt>
      <trkpt lat="49.25447" lon="19.99906">
        <ele>1419.95</ele>
      </trkpt>
      <trkpt lat="49.25457" lon="19.99914">
        <ele>1417.74</ele>
      </trkpt>
      <trkpt lat="49.2546" lon="19.99922">
        <ele>1417.52</ele>
      </trkpt>
      <trkpt lat="49.25466" lon="19.99929">
        <ele>1416.47</ele>
      </trkpt>
      <trkpt lat="49.2547" lon="19.99941">
        <ele>1417.48</ele>
      </trkpt>
      <trkpt lat="49.25471" lon="19.99958">
        <ele>1421.42</ele>
      </trkpt>
      <trkpt lat="49.25467" lon="19.99975">
        <ele>1425.24</ele>
      </trkpt>
      <trkpt lat="49.25454" lon="20.0003">
        <ele>1433.45</ele>
      </trkpt>
      <trkpt lat="49.25451" lon="20.0005">
        <ele>1438.33</ele>
      </trkpt>
      <trkpt lat="49.2545" lon="20.00085">
        <ele>1446.74</ele>
      </trkpt>
      <trkpt lat="49.25445" lon="20.00111">
        <ele>1451.69</ele>
      </trkpt>
      <trkpt lat="49.2544" lon="20.00125">
        <ele>1458.96</ele>
      </trkpt>
      <trkpt lat="49.25424" lon="20.00179">
        <ele>1493.84</ele>
      </trkpt>
      <trkpt lat="49.25423" lon="20.00191">
        <ele>1495.27</ele>
      </trkpt>
      <trkpt lat="49.25424" lon="20.00198">
        <ele>1495.04</ele>
      </trkpt>
      <trkpt lat="49.25426" lon="20.00203">
        <ele>1494.1</ele>
      </trkpt>
      <trkpt lat="49.25433" lon="20.00213">
        <ele>1490.36</ele>
      </trkpt>
      <trkpt lat="49.25434" lon="20.0022">
        <ele>1490.51</ele>
      </trkpt>
      <trkpt lat="49.25438" lon="20.00227">
        <ele>1489.26</ele>
      </trkpt>
      <trkpt lat="49.25442" lon="20.00232">
        <ele>1487.96</ele>
      </trkpt>
      <trkpt lat="49.25448" lon="20.00246">
        <ele>1486.08</ele>
      </trkpt>
      <trkpt lat="49.25456" lon="20.00259">
        <ele>1483.16</ele>
      </trkpt>
      <trkpt lat="49.25465" lon="20.00263">
        <ele>1476.72</ele>
      </trkpt>
      <trkpt lat="49.2547" lon="20.00271">
        <ele>1477.28</ele>
      </trkpt>
      <trkpt lat="49.25485" lon="20.00279">
        <ele>1468.56</ele>
      </trkpt>
      <trkpt lat="49.2549" lon="20.00283">
        <ele>1465.67</ele>
      </trkpt>
      <trkpt lat="49.25492" lon="20.00322">
        <ele>1487.25</ele>
      </trkpt>
      <trkpt lat="49.25485" lon="20.0033">
        <ele>1495.57</ele>
      </trkpt>
      <trkpt lat="49.25477" lon="20.00342">
        <ele>1501.54</ele>
      </trkpt>
      <trkpt lat="49.25456" lon="20.00361">
        <ele>1513.4</ele>
      </trkpt>
      <trkpt lat="49.25429" lon="20.00396">
        <ele>1518.1</ele>
      </trkpt>
      <trkpt lat="49.25411" lon="20.00427">
        <ele>1518.57</ele>
      </trkpt>
      <trkpt lat="49.25403" lon="20.00445">
        <ele>1519.37</ele>
      </trkpt>
      <trkpt lat="49.25394" lon="20.00462">
        <ele>1519.3</ele>
      </trkpt>
      <trkpt lat="49.25384" lon="20.00472">
        <ele>1522.2</ele>
      </trkpt>
      <trkpt lat="49.25366" lon="20.00484">
        <ele>1532.14</ele>
      </trkpt>
      <trkpt lat="49.25342" lon="20.00492">
        <ele>1542.22</ele>
      </trkpt>
      <trkpt lat="49.25315" lon="20.00508">
        <ele>1544.94</ele>
      </trkpt>
      <trkpt lat="49.25302" lon="20.00514">
        <ele>1545.15</ele>
      </trkpt>
      <trkpt lat="49.25273" lon="20.00524">
        <ele>1544.14</ele>
      </trkpt>
      <trkpt lat="49.25261" lon="20.00531">
        <ele>1544.98</ele>
      </trkpt>
      <trkpt lat="49.25226" lon="20.00566">
        <ele>1545.52</ele>
      </trkpt>
      <trkpt lat="49.25187" lon="20.0063">
        <ele>1551.58</ele>
      </trkpt>
      <trkpt lat="49.25159" lon="20.0067">
        <ele>1552.78</ele>
      </trkpt>
      <trkpt lat="49.2513" lon="20.00691">
        <ele>1558.77</ele>
      </trkpt>
      <trkpt lat="49.25099" lon="20.007">
        <ele>1565.66</ele>
      </trkpt>
      <trkpt lat="49.25003" lon="20.00713">
        <ele>1575.27</ele>
      </trkpt>
      <trkpt lat="49.24964" lon="20.0072">
        <ele>1577.04</ele>
      </trkpt>
      <trkpt lat="49.24949" lon="20.0072">
        <ele>1575.14</ele>
      </trkpt>
      <trkpt lat="49.24933" lon="20.00725">
        <ele>1576.27</ele>
      </trkpt>
      <trkpt lat="49.24903" lon="20.00739">
        <ele>1577.51</ele>
      </trkpt>
      <trkpt lat="49.24897" lon="20.00745">
        <ele>1576.36</ele>
      </trkpt>
      <trkpt lat="49.24893" lon="20.00755">
        <ele>1574.9</ele>
      </trkpt>
      <trkpt lat="49.24875" lon="20.00775">
        <ele>1572.5</ele>
      </trkpt>
      <trkpt lat="49.24863" lon="20.00779">
        <ele>1571.87</ele>
      </trkpt>
      <trkpt lat="49.24844" lon="20.00777">
        <ele>1575.28</ele>
      </trkpt>
      <trkpt lat="49.24831" lon="20.00781">
        <ele>1576.45</ele>
      </trkpt>
      <trkpt lat="49.24799" lon="20.00783">
        <ele>1574.28</ele>
      </trkpt>
      <trkpt lat="49.24782" lon="20.0078">
        <ele>1566.62</ele>
      </trkpt>
      <trkpt lat="49.24767" lon="20.00773">
        <ele>1560.3</ele>
      </trkpt>
      <trkpt lat="49.24719" lon="20.0074">
        <ele>1543.0</ele>
      </trkpt>
      <trkpt lat="49.24678" lon="20.00699">
        <ele>1536.09</ele>
      </trkpt>
      <trkpt lat="49.24623" lon="20.00666">
        <ele>1527.81</ele>
      </trkpt>
      <trkpt lat="49.24595" lon="20.00662">
        <ele>1527.15</ele>
      </trkpt>
      <trkpt lat="49.24578" lon="20.00658">
        <ele>1528.18</ele>
      </trkpt>
      <trkpt lat="49.24568" lon="20.00653">
        <ele>1529.56</ele>
      </trkpt>
      <trkpt lat="49.24558" lon="20.00647">
        <ele>1531.71</ele>
      </trkpt>
      <trkpt lat="49.2455" lon="20.0064">
        <ele>1533.14</ele>
      </trkpt>
      <trkpt lat="49.24542" lon="20.00636">
        <ele>1533.11</ele>
      </trkpt>
      <trkpt lat="49.24508" lon="20.00628">
        <ele>1531.1</ele>
      </trkpt>
      <trkpt lat="49.24503" lon="20.00629">
        <ele>1530.42</ele>
      </trkpt>
      <trkpt lat="49.24499" lon="20.0063">
        <ele>1529.96</ele>
      </trkpt>
      <trkpt lat="49.24491" lon="20.00639">
        <ele>1528.63</ele>
      </trkpt>
      <trkpt lat="49.24478" lon="20.00659">
        <ele>1526.27</ele>
      </trkpt>
      <trkpt lat="49.24467" lon="20.00692">
        <ele>1522.6</ele>
      </trkpt>
      <trkpt lat="49.24464" lon="20.00698">
        <ele>1523.0</ele>
      </trkpt>
      <trkpt lat="49.24461" lon="20.00702">
        <ele>1523.61</ele>
      </trkpt>
      <trkpt lat="49.24445" lon="20.00707">
        <ele>1526.97</ele>
      </trkpt>
      <trkpt lat="49.24416" lon="20.00709">
        <ele>1526.33</ele>
      </trkpt>
      <trkpt lat="49.24392" lon="20.00716">
        <ele>1521.63</ele>
      </trkpt>
      <trkpt lat="49.24386" lon="20.0072">
        <ele>1519.86</ele>
      </trkpt>
      <trkpt lat="49.24379" lon="20.00718">
        <ele>1518.82</ele>
      </trkpt>
      <trkpt lat="49.24363" lon="20.00692">
        <ele>1517.64</ele>
      </trkpt>
      <trkpt lat="49.24359" lon="20.00687">
        <ele>1516.96</ele>
      </trkpt>
      <trkpt lat="49.24357" lon="20.00685">
        <ele>1516.75</ele>
      </trkpt>
      <trkpt lat="49.24347" lon="20.00688">
        <ele>1515.2</ele>
      </trkpt>
      <trkpt lat="49.24342" lon="20.00685">
        <ele>1514.59</ele>
      </trkpt>
      <trkpt lat="49.24327" lon="20.00693">
        <ele>1512.18</ele>
      </trkpt>
    </trkseg>
  </trk>
  <trk>
    <name><![CDATA[Custom route — Tatry Wysokie: Palenica Białczańska - Kuźnice]]></name>
    <src>AllTrails</src>
    <trkseg>
      <trkpt lat="49.24327" lon="20.00693">
        <ele>1512.18</ele>
      </trkpt>
      <trkpt lat="49.24324" lon="20.0068">
        <ele>1512.7</ele>
      </trkpt>
      <trkpt lat="49.24316" lon="20.00633">
        <ele>1516.04</ele>
      </trkpt>
      <trkpt lat="49.24309" lon="20.00607">
        <ele>1516.69</ele>
      </trkpt>
      <trkpt lat="49.24307" lon="20.00584">
        <ele>1518.16</ele>
      </trkpt>
      <trkpt lat="49.24305" lon="20.0056">
        <ele>1521.27</ele>
      </trkpt>
      <trkpt lat="49.24305" lon="20.0056">
        <ele>1521.27</ele>
      </trkpt>
      <trkpt lat="49.243" lon="20.00552">
        <ele>1521.59</ele>
      </trkpt>
      <trkpt lat="49.24297" lon="20.00546">
        <ele>1521.97</ele>
      </trkpt>
      <trkpt lat="49.24294" lon="20.00543">
        <ele>1521.8</ele>
      </trkpt>
      <trkpt lat="49.24285" lon="20.00543">
        <ele>1519.89</ele>
      </trkpt>
      <trkpt lat="49.24274" lon="20.0054">
        <ele>1518.66</ele>
      </trkpt>
      <trkpt lat="49.2426" lon="20.00539">
        <ele>1518.67</ele>
      </trkpt>
      <trkpt lat="49.24257" lon="20.00541">
        <ele>1518.54</ele>
      </trkpt>
      <trkpt lat="49.24253" lon="20.00545">
        <ele>1518.35</ele>
      </trkpt>
      <trkpt lat="49.24249" lon="20.00556">
        <ele>1518.16</ele>
      </trkpt>
      <trkpt lat="49.24247" lon="20.00562">
        <ele>1518.61</ele>
      </trkpt>
      <trkpt lat="49.24237" lon="20.00574">
        <ele>1519.91</ele>
      </trkpt>
      <trkpt lat="49.24231" lon="20.00578">
        <ele>1520.44</ele>
      </trkpt>
      <trkpt lat="49.24226" lon="20.00583">
        <ele>1520.74</ele>
      </trkpt>
      <trkpt lat="49.24214" lon="20.00592">
        <ele>1522.67</ele>
      </trkpt>
      <trkpt lat="49.24211" lon="20.00595">
        <ele>1523.24</ele>
      </trkpt>
      <trkpt lat="49.24208" lon="20.00601">
        <ele>1523.62</ele>
      </trkpt>
      <trkpt lat="49.24203" lon="20.00607">
        <ele>1524.4</ele>
      </trkpt>
      <trkpt lat="49.24198" lon="20.00616">
        <ele>1525.06</ele>
      </trkpt>
      <trkpt lat="49.24188" lon="20.00678">
        <ele>1525.27</ele>
      </trkpt>
      <trkpt lat="49.24174" lon="20.007">
        <ele>1529.62</ele>
      </trkpt>
      <trkpt lat="49.24171" lon="20.00708">
        <ele>1530.6</ele>
      </trkpt>
      <trkpt lat="49.2417" lon="20.00724">
        <ele>1530.74</ele>
      </trkpt>
      <trkpt lat="49.24165" lon="20.00748">
        <ele>1529.68</ele>
      </trkpt>
      <trkpt lat="49.24151" lon="20.00785">
        <ele>1533.09</ele>
      </trkpt>
      <trkpt lat="49.2414" lon="20.00809">
        <ele>1537.52</ele>
      </trkpt>
      <trkpt lat="49.24126" lon="20.00852">
        <ele>1541.71</ele>
      </trkpt>
      <trkpt lat="49.24111" lon="20.00878">
        <ele>1544.22</ele>
      </trkpt>
      <trkpt lat="49.24098" lon="20.00891">
        <ele>1547.53</ele>
      </trkpt>
      <trkpt lat="49.24086" lon="20.00905">
        <ele>1550.36</ele>
      </trkpt>
      <trkpt lat="49.24084" lon="20.00912">
        <ele>1550.28</ele>
      </trkpt>
      <trkpt lat="49.24082" lon="20.00935">
        <ele>1549.95</ele>
      </trkpt>
      <trkpt lat="49.24079" lon="20.00956">
        <ele>1549.91</ele>
      </trkpt>
      <trkpt lat="49.24078" lon="20.00972">
        <ele>1548.94</ele>
      </trkpt>
      <trkpt lat="49.24077" lon="20.00976">
        <ele>1548.7</ele>
      </trkpt>
      <trkpt lat="49.24074" lon="20.0098">
        <ele>1549.15</ele>
      </trkpt>
      <trkpt lat="49.24066" lon="20.00983">
        <ele>1551.45</ele>
      </trkpt>
      <trkpt lat="49.24056" lon="20.00986">
        <ele>1554.37</ele>
      </trkpt>
      <trkpt lat="49.24021" lon="20.00987">
        <ele>1561.88</ele>
      </trkpt>
      <trkpt lat="49.23977" lon="20.00992">
        <ele>1560.89</ele>
      </trkpt>
      <trkpt lat="49.23966" lon="20.00992">
        <ele>1562.03</ele>
      </trkpt>
      <trkpt lat="49.23928" lon="20.00983">
        <ele>1569.19</ele>
      </trkpt>
      <trkpt lat="49.23896" lon="20.00975">
        <ele>1573.04</ele>
      </trkpt>
      <trkpt lat="49.2386" lon="20.0098">
        <ele>1576.92</ele>
      </trkpt>
      <trkpt lat="49.23843" lon="20.00989">
        <ele>1579.81</ele>
      </trkpt>
      <trkpt lat="49.23837" lon="20.0099">
        <ele>1581.43</ele>
      </trkpt>
      <trkpt lat="49.2381" lon="20.01012">
        <ele>1592.38</ele>
      </trkpt>
      <trkpt lat="49.23794" lon="20.01017">
        <ele>1601.38</ele>
      </trkpt>
      <trkpt lat="49.23789" lon="20.01023">
        <ele>1601.9</ele>
      </trkpt>
      <trkpt lat="49.23776" lon="20.0104">
        <ele>1603.11</ele>
      </trkpt>
      <trkpt lat="49.23766" lon="20.01047">
        <ele>1609.51</ele>
      </trkpt>
      <trkpt lat="49.23754" lon="20.01067">
        <ele>1602.68</ele>
      </trkpt>
      <trkpt lat="49.23733" lon="20.01088">
        <ele>1611.28</ele>
      </trkpt>
      <trkpt lat="49.23724" lon="20.01106">
        <ele>1616.74</ele>
      </trkpt>
      <trkpt lat="49.23709" lon="20.01128">
        <ele>1614.47</ele>
      </trkpt>
      <trkpt lat="49.23701" lon="20.0114">
        <ele>1610.88</ele>
      </trkpt>
      <trkpt lat="49.23689" lon="20.01146">
        <ele>1611.8</ele>
      </trkpt>
      <trkpt lat="49.23675" lon="20.01153">
        <ele>1611.24</ele>
      </trkpt>
      <trkpt lat="49.23655" lon="20.01167">
        <ele>1610.44</ele>
      </trkpt>
      <trkpt lat="49.2365" lon="20.01174">
        <ele>1608.59</ele>
      </trkpt>
      <trkpt lat="49.23637" lon="20.01175">
        <ele>1613.06</ele>
      </trkpt>
      <trkpt lat="49.2363" lon="20.01182">
        <ele>1612.36</ele>
      </trkpt>
      <trkpt lat="49.23624" lon="20.0119">
        <ele>1610.89</ele>
      </trkpt>
      <trkpt lat="49.23621" lon="20.01199">
        <ele>1607.72</ele>
      </trkpt>
      <trkpt lat="49.23611" lon="20.01208">
        <ele>1608.21</ele>
      </trkpt>
      <trkpt lat="49.23599" lon="20.01213">
        <ele>1610.01</ele>
      </trkpt>
      <trkpt lat="49.23571" lon="20.01223">
        <ele>1615.83</ele>
      </trkpt>
      <trkpt lat="49.23564" lon="20.01222">
        <ele>1619.47</ele>
      </trkpt>
      <trkpt lat="49.23542" lon="20.0123">
        <ele>1619.0</ele>
      </trkpt>
      <trkpt lat="49.23531" lon="20.01238">
        <ele>1614.79</ele>
      </trkpt>
      <trkpt lat="49.23523" lon="20.01242">
        <ele>1613.45</ele>
      </trkpt>
      <trkpt lat="49.23517" lon="20.01244">
        <ele>1613.54</ele>
      </trkpt>
      <trkpt lat="49.23515" lon="20.01247">
        <ele>1612.33</ele>
      </trkpt>
      <trkpt lat="49.23478" lon="20.01272">
        <ele>1620.21</ele>
      </trkpt>
      <trkpt lat="49.23449" lon="20.01293">
        <ele>1626.82</ele>
      </trkpt>
      <trkpt lat="49.23441" lon="20.01316">
        <ele>1623.47</ele>
      </trkpt>
      <trkpt lat="49.23439" lon="20.01327">
        <ele>1622.04</ele>
      </trkpt>
      <trkpt lat="49.23439" lon="20.01334">
        <ele>1620.66</ele>
      </trkpt>
      <trkpt lat="49.23434" lon="20.01369">
        <ele>1616.98</ele>
      </trkpt>
      <trkpt lat="49.23425" lon="20.01369">
        <ele>1619.66</ele>
      </trkpt>
      <trkpt lat="49.23417" lon="20.01367">
        <ele>1622.27</ele>
      </trkpt>
      <trkpt lat="49.23413" lon="20.01379">
        <ele>1622.16</ele>
      </trkpt>
      <trkpt lat="49.2341" lon="20.01383">
        <ele>1622.69</ele>
      </trkpt>
      <trkpt lat="49.23405" lon="20.01384">
        <ele>1624.16</ele>
      </trkpt>
      <trkpt lat="49.23399" lon="20.01379">
        <ele>1626.34</ele>
      </trkpt>
      <trkpt lat="49.23396" lon="20.01379">
        <ele>1627.23</ele>
      </trkpt>
      <trkpt lat="49.23388" lon="20.01387">
        <ele>1629.09</ele>
      </trkpt>
      <trkpt lat="49.23376" lon="20.01392">
        <ele>1629.72</ele>
      </trkpt>
      <trkpt lat="49.23354" lon="20.01397">
        <ele>1633.61</ele>
      </trkpt>
      <trkpt lat="49.23349" lon="20.014">
        <ele>1635.58</ele>
      </trkpt>
      <trkpt lat="49.2334" lon="20.01409">
        <ele>1639.36</ele>
      </trkpt>
      <trkpt lat="49.23332" lon="20.01416">
        <ele>1642.07</ele>
      </trkpt>
      <trkpt lat="49.23316" lon="20.01425">
        <ele>1644.36</ele>
      </trkpt>
      <trkpt lat="49.23312" lon="20.01433">
        <ele>1645.34</ele>
      </trkpt>
      <trkpt lat="49.23296" lon="20.01447">
        <ele>1646.88</ele>
      </trkpt>
      <trkpt lat="49.23271" lon="20.01463">
        <ele>1647.08</ele>
      </trkpt>
      <trkpt lat="49.23266" lon="20.01468">
        <ele>1646.83</ele>
      </trkpt>
      <trkpt lat="49.23266" lon="20.01468">
        <ele>1646.83</ele>
      </trkpt>
      <trkpt lat="49.23262" lon="20.01474">
        <ele>1646.05</ele>
      </trkpt>
      <trkpt lat="49.2326" lon="20.01477">
        <ele>1645.33</ele>
      </trkpt>
      <trkpt lat="49.2326" lon="20.01481">
        <ele>1644.46</ele>
      </trkpt>
      <trkpt lat="49.2326" lon="20.01488">
        <ele>1642.95</ele>
      </trkpt>
      <trkpt lat="49.23259" lon="20.01507">
        <ele>1639.66</ele>
      </trkpt>
      <trkpt lat="49.23259" lon="20.01516">
        <ele>1638.8</ele>
      </trkpt>
      <trkpt lat="49.2326" lon="20.01527">
        <ele>1637.72</ele>
      </trkpt>
      <trkpt lat="49.2326" lon="20.01537">
        <ele>1636.88</ele>
      </trkpt>
      <trkpt lat="49.23259" lon="20.01556">
        <ele>1635.32</ele>
      </trkpt>
      <trkpt lat="49.2326" lon="20.01564">
        <ele>1635.27</ele>
      </trkpt>
      <trkpt lat="49.23262" lon="20.01576">
        <ele>1635.33</ele>
      </trkpt>
      <trkpt lat="49.23263" lon="20.01594">
        <ele>1635.02</ele>
      </trkpt>
      <trkpt lat="49.23266" lon="20.01613">
        <ele>1634.67</ele>
      </trkpt>
      <trkpt lat="49.23267" lon="20.0163">
        <ele>1634.31</ele>
      </trkpt>
      <trkpt lat="49.23267" lon="20.01638">
        <ele>1634.08</ele>
      </trkpt>
      <trkpt lat="49.23268" lon="20.01643">
        <ele>1634.04</ele>
      </trkpt>
      <trkpt lat="49.23268" lon="20.01648">
        <ele>1633.8</ele>
      </trkpt>
      <trkpt lat="49.2327" lon="20.01666">
        <ele>1633.35</ele>
      </trkpt>
      <trkpt lat="49.23273" lon="20.01685">
        <ele>1634.51</ele>
      </trkpt>
      <trkpt lat="49.23276" lon="20.01702">
        <ele>1636.1</ele>
      </trkpt>
      <trkpt lat="49.2328" lon="20.01714">
        <ele>1637.94</ele>
      </trkpt>
      <trkpt lat="49.23286" lon="20.01723">
        <ele>1640.04</ele>
      </trkpt>
      <trkpt lat="49.23297" lon="20.01737">
        <ele>1642.31</ele>
      </trkpt>
      <trkpt lat="49.23301" lon="20.01742">
        <ele>1643.14</ele>
      </trkpt>
      <trkpt lat="49.23305" lon="20.01744">
        <ele>1644.08</ele>
      </trkpt>
      <trkpt lat="49.23309" lon="20.01749">
        <ele>1643.66</ele>
      </trkpt>
      <trkpt lat="49.23314" lon="20.01755">
        <ele>1642.53</ele>
      </trkpt>
      <trkpt lat="49.23319" lon="20.01764">
        <ele>1641.26</ele>
      </trkpt>
      <trkpt lat="49.23322" lon="20.01771">
        <ele>1640.54</ele>
      </trkpt>
      <trkpt lat="49.23322" lon="20.01776">
        <ele>1640.14</ele>
      </trkpt>
      <trkpt lat="49.2332" lon="20.01783">
        <ele>1639.91</ele>
      </trkpt>
      <trkpt lat="49.23317" lon="20.01788">
        <ele>1639.78</ele>
      </trkpt>
      <trkpt lat="49.23313" lon="20.0179">
        <ele>1639.68</ele>
      </trkpt>
      <trkpt lat="49.23307" lon="20.01793">
        <ele>1639.48</ele>
      </trkpt>
      <trkpt lat="49.233" lon="20.01796">
        <ele>1638.34</ele>
      </trkpt>
      <trkpt lat="49.23295" lon="20.01801">
        <ele>1637.26</ele>
      </trkpt>
      <trkpt lat="49.23293" lon="20.01807">
        <ele>1636.64</ele>
      </trkpt>
      <trkpt lat="49.23292" lon="20.01812">
        <ele>1636.1</ele>
      </trkpt>
      <trkpt lat="49.23293" lon="20.0182">
        <ele>1635.75</ele>
      </trkpt>
      <trkpt lat="49.23294" lon="20.01829">
        <ele>1635.37</ele>
      </trkpt>
      <trkpt lat="49.23297" lon="20.01836">
        <ele>1635.72</ele>
      </trkpt>
      <trkpt lat="49.23301" lon="20.01841">
        <ele>1636.53</ele>
      </trkpt>
      <trkpt lat="49.23309" lon="20.01854">
        <ele>1637.72</ele>
      </trkpt>
      <trkpt lat="49.23314" lon="20.01858">
        <ele>1638.29</ele>
      </trkpt>
      <trkpt lat="49.23318" lon="20.01863">
        <ele>1638.77</ele>
      </trkpt>
      <trkpt lat="49.23324" lon="20.01873">
        <ele>1639.23</ele>
      </trkpt>
      <trkpt lat="49.23328" lon="20.01882">
        <ele>1639.16</ele>
      </trkpt>
      <trkpt lat="49.23331" lon="20.01887">
        <ele>1639.03</ele>
      </trkpt>
      <trkpt lat="49.23332" lon="20.01892">
        <ele>1638.63</ele>
      </trkpt>
      <trkpt lat="49.23331" lon="20.01897">
        <ele>1638.11</ele>
      </trkpt>
      <trkpt lat="49.23328" lon="20.01901">
        <ele>1637.75</ele>
      </trkpt>
      <trkpt lat="49.23326" lon="20.01905">
        <ele>1637.46</ele>
      </trkpt>
      <trkpt lat="49.23322" lon="20.01913">
        <ele>1637.05</ele>
      </trkpt>
      <trkpt lat="49.2332" lon="20.01916">
        <ele>1637.0</ele>
      </trkpt>
      <trkpt lat="49.23317" lon="20.0192">
        <ele>1636.72</ele>
      </trkpt>
      <trkpt lat="49.23315" lon="20.01925">
        <ele>1636.13</ele>
      </trkpt>
      <trkpt lat="49.23313" lon="20.01926">
        <ele>1636.05</ele>
      </trkpt>
      <trkpt lat="49.23309" lon="20.01926">
        <ele>1636.2</ele>
      </trkpt>
      <trkpt lat="49.23306" lon="20.01927">
        <ele>1636.13</ele>
      </trkpt>
      <trkpt lat="49.23304" lon="20.01929">
        <ele>1635.43</ele>
      </trkpt>
      <trkpt lat="49.233" lon="20.01932">
        <ele>1634.1</ele>
      </trkpt>
      <trkpt lat="49.23298" lon="20.01934">
        <ele>1633.45</ele>
      </trkpt>
      <trkpt lat="49.23295" lon="20.01933">
        <ele>1632.98</ele>
      </trkpt>
      <trkpt lat="49.23291" lon="20.01931">
        <ele>1632.33</ele>
      </trkpt>
      <trkpt lat="49.23283" lon="20.01931">
        <ele>1630.63</ele>
      </trkpt>
      <trkpt lat="49.2328" lon="20.01931">
        <ele>1629.99</ele>
      </trkpt>
      <trkpt lat="49.23277" lon="20.01933">
        <ele>1629.59</ele>
      </trkpt>
      <trkpt lat="49.23273" lon="20.01938">
        <ele>1629.77</ele>
      </trkpt>
      <trkpt lat="49.23271" lon="20.01943">
        <ele>1629.95</ele>
      </trkpt>
      <trkpt lat="49.23269" lon="20.01954">
        <ele>1629.78</ele>
      </trkpt>
      <trkpt lat="49.23267" lon="20.01963">
        <ele>1629.48</ele>
      </trkpt>
      <trkpt lat="49.23266" lon="20.0197">
        <ele>1629.22</ele>
      </trkpt>
      <trkpt lat="49.23266" lon="20.01978">
        <ele>1629.36</ele>
      </trkpt>
      <trkpt lat="49.23264" lon="20.01984">
        <ele>1629.43</ele>
      </trkpt>
      <trkpt lat="49.23261" lon="20.01988">
        <ele>1629.36</ele>
      </trkpt>
      <trkpt lat="49.23257" lon="20.01991">
        <ele>1629.18</ele>
      </trkpt>
      <trkpt lat="49.23249" lon="20.01993">
        <ele>1629.07</ele>
      </trkpt>
      <trkpt lat="49.23244" lon="20.01995">
        <ele>1630.7</ele>
      </trkpt>
      <trkpt lat="49.23237" lon="20.02004">
        <ele>1632.83</ele>
      </trkpt>
      <trkpt lat="49.23233" lon="20.02009">
        <ele>1633.95</ele>
      </trkpt>
      <trkpt lat="49.2323" lon="20.02012">
        <ele>1634.69</ele>
      </trkpt>
      <trkpt lat="49.23229" lon="20.02014">
        <ele>1634.91</ele>
      </trkpt>
      <trkpt lat="49.23229" lon="20.02019">
        <ele>1634.86</ele>
      </trkpt>
      <trkpt lat="49.23229" lon="20.02022">
        <ele>1634.84</ele>
      </trkpt>
      <trkpt lat="49.23226" lon="20.02026">
        <ele>1635.36</ele>
      </trkpt>
      <trkpt lat="49.23225" lon="20.0203">
        <ele>1635.87</ele>
      </trkpt>
      <trkpt lat="49.23221" lon="20.02037">
        <ele>1637.84</ele>
      </trkpt>
      <trkpt lat="49.23217" lon="20.0204">
        <ele>1638.95</ele>
      </trkpt>
      <trkpt lat="49.23213" lon="20.0204">
        <ele>1639.53</ele>
      </trkpt>
      <trkpt lat="49.23208" lon="20.02038">
        <ele>1639.89</ele>
      </trkpt>
      <trkpt lat="49.23204" lon="20.02035">
        <ele>1639.92</ele>
      </trkpt>
      <trkpt lat="49.23201" lon="20.02033">
        <ele>1640.0</ele>
      </trkpt>
      <trkpt lat="49.23198" lon="20.02028">
        <ele>1639.53</ele>
      </trkpt>
      <trkpt lat="49.23192" lon="20.02022">
        <ele>1640.9</ele>
      </trkpt>
      <trkpt lat="49.2318" lon="20.02017">
        <ele>1640.81</ele>
      </trkpt>
      <trkpt lat="49.23167" lon="20.02012">
        <ele>1640.17</ele>
      </trkpt>
      <trkpt lat="49.23155" lon="20.02011">
        <ele>1638.94</ele>
      </trkpt>
      <trkpt lat="49.23142" lon="20.0201">
        <ele>1637.44</ele>
      </trkpt>
      <trkpt lat="49.23138" lon="20.02009">
        <ele>1636.99</ele>
      </trkpt>
      <trkpt lat="49.23134" lon="20.02007">
        <ele>1636.93</ele>
      </trkpt>
      <trkpt lat="49.23126" lon="20.02005">
        <ele>1637.13</ele>
      </trkpt>
      <trkpt lat="49.23124" lon="20.02005">
        <ele>1637.23</ele>
      </trkpt>
      <trkpt lat="49.23122" lon="20.02007">
        <ele>1637.36</ele>
      </trkpt>
      <trkpt lat="49.2312" lon="20.02007">
        <ele>1637.43</ele>
      </trkpt>
      <trkpt lat="49.23116" lon="20.02006">
        <ele>1637.58</ele>
      </trkpt>
      <trkpt lat="49.23113" lon="20.02006">
        <ele>1637.71</ele>
      </trkpt>
      <trkpt lat="49.23106" lon="20.02008">
        <ele>1638.68</ele>
      </trkpt>
      <trkpt lat="49.23099" lon="20.0201">
        <ele>1639.98</ele>
      </trkpt>
      <trkpt lat="49.23094" lon="20.02014">
        <ele>1640.89</ele>
      </trkpt>
      <trkpt lat="49.2309" lon="20.02017">
        <ele>1641.65</ele>
      </trkpt>
      <trkpt lat="49.23086" lon="20.02022">
        <ele>1642.44</ele>
      </trkpt>
      <trkpt lat="49.23083" lon="20.02023">
        <ele>1643.0</ele>
      </trkpt>
      <trkpt lat="49.23079" lon="20.02026">
        <ele>1642.9</ele>
      </trkpt>
      <trkpt lat="49.23074" lon="20.02031">
        <ele>1642.74</ele>
      </trkpt>
      <trkpt lat="49.23068" lon="20.02043">
        <ele>1641.97</ele>
      </trkpt>
      <trkpt lat="49.23058" lon="20.02062">
        <ele>1638.98</ele>
      </trkpt>
      <trkpt lat="49.23053" lon="20.02074">
        <ele>1638.42</ele>
      </trkpt>
      <trkpt lat="49.23049" lon="20.02087">
        <ele>1638.56</ele>
      </trkpt>
      <trkpt lat="49.23046" lon="20.02093">
        <ele>1638.53</ele>
      </trkpt>
      <trkpt lat="49.23041" lon="20.02099">
        <ele>1637.94</ele>
      </trkpt>
      <trkpt lat="49.23036" lon="20.02101">
        <ele>1637.01</ele>
      </trkpt>
      <trkpt lat="49.23028" lon="20.02109">
        <ele>1635.13</ele>
      </trkpt>
      <trkpt lat="49.23026" lon="20.02109">
        <ele>1635.01</ele>
      </trkpt>
      <trkpt lat="49.23023" lon="20.0211">
        <ele>1634.86</ele>
      </trkpt>
      <trkpt lat="49.23019" lon="20.02112">
        <ele>1634.64</ele>
      </trkpt>
      <trkpt lat="49.23017" lon="20.02112">
        <ele>1634.57</ele>
      </trkpt>
      <trkpt lat="49.23012" lon="20.02114">
        <ele>1634.27</ele>
      </trkpt>
      <trkpt lat="49.23007" lon="20.02118">
        <ele>1633.82</ele>
      </trkpt>
      <trkpt lat="49.23004" lon="20.02123">
        <ele>1633.35</ele>
      </trkpt>
      <trkpt lat="49.23002" lon="20.02127">
        <ele>1632.97</ele>
      </trkpt>
      <trkpt lat="49.23" lon="20.02131">
        <ele>1632.57</ele>
      </trkpt>
      <trkpt lat="49.22997" lon="20.02132">
        <ele>1632.44</ele>
      </trkpt>
      <trkpt lat="49.22995" lon="20.02134">
        <ele>1632.18</ele>
      </trkpt>
      <trkpt lat="49.22994" lon="20.02135">
        <ele>1632.03</ele>
      </trkpt>
      <trkpt lat="49.22991" lon="20.02136">
        <ele>1631.76</ele>
      </trkpt>
      <trkpt lat="49.22986" lon="20.02138">
        <ele>1631.15</ele>
      </trkpt>
      <trkpt lat="49.22983" lon="20.02138">
        <ele>1630.96</ele>
      </trkpt>
      <trkpt lat="49.22981" lon="20.02137">
        <ele>1631.05</ele>
      </trkpt>
      <trkpt lat="49.22979" lon="20.02137">
        <ele>1630.93</ele>
      </trkpt>
      <trkpt lat="49.22977" lon="20.02138">
        <ele>1630.57</ele>
      </trkpt>
      <trkpt lat="49.22974" lon="20.0214">
        <ele>1629.9</ele>
      </trkpt>
      <trkpt lat="49.22971" lon="20.02143">
        <ele>1628.86</ele>
      </trkpt>
      <trkpt lat="49.22968" lon="20.02147">
        <ele>1627.42</ele>
      </trkpt>
      <trkpt lat="49.22961" lon="20.02151">
        <ele>1625.31</ele>
      </trkpt>
      <trkpt lat="49.22956" lon="20.02156">
        <ele>1623.52</ele>
      </trkpt>
      <trkpt lat="49.22953" lon="20.02157">
        <ele>1622.84</ele>
      </trkpt>
      <trkpt lat="49.2295" lon="20.0216">
        <ele>1621.86</ele>
      </trkpt>
      <trkpt lat="49.22949" lon="20.02163">
        <ele>1621.23</ele>
      </trkpt>
      <trkpt lat="49.22949" lon="20.02163">
        <ele>1621.23</ele>
      </trkpt>
      <trkpt lat="49.22946" lon="20.02166">
        <ele>1620.32</ele>
      </trkpt>
      <trkpt lat="49.22942" lon="20.02167">
        <ele>1620.24</ele>
      </trkpt>
      <trkpt lat="49.22939" lon="20.02168">
        <ele>1620.51</ele>
      </trkpt>
      <trkpt lat="49.22936" lon="20.02171">
        <ele>1620.69</ele>
      </trkpt>
      <trkpt lat="49.22933" lon="20.02175">
        <ele>1620.88</ele>
      </trkpt>
      <trkpt lat="49.22925" lon="20.0218">
        <ele>1621.81</ele>
      </trkpt>
      <trkpt lat="49.22918" lon="20.02185">
        <ele>1622.79</ele>
      </trkpt>
      <trkpt lat="49.22914" lon="20.0219">
        <ele>1623.27</ele>
      </trkpt>
      <trkpt lat="49.22911" lon="20.02192">
        <ele>1623.59</ele>
      </trkpt>
      <trkpt lat="49.22906" lon="20.02194">
        <ele>1624.15</ele>
      </trkpt>
      <trkpt lat="49.22902" lon="20.02197">
        <ele>1625.09</ele>
      </trkpt>
      <trkpt lat="49.22898" lon="20.02197">
        <ele>1625.54</ele>
      </trkpt>
      <trkpt lat="49.22896" lon="20.02199">
        <ele>1626.17</ele>
      </trkpt>
      <trkpt lat="49.22893" lon="20.02203">
        <ele>1627.36</ele>
      </trkpt>
      <trkpt lat="49.2289" lon="20.02207">
        <ele>1628.57</ele>
      </trkpt>
      <trkpt lat="49.22883" lon="20.02217">
        <ele>1632.69</ele>
      </trkpt>
      <trkpt lat="49.22879" lon="20.02222">
        <ele>1634.81</ele>
      </trkpt>
      <trkpt lat="49.22874" lon="20.02227">
        <ele>1637.56</ele>
      </trkpt>
      <trkpt lat="49.22872" lon="20.02227">
        <ele>1638.1</ele>
      </trkpt>
      <trkpt lat="49.2287" lon="20.02228">
        <ele>1638.89</ele>
      </trkpt>
      <trkpt lat="49.22866" lon="20.02233">
        <ele>1641.12</ele>
      </trkpt>
      <trkpt lat="49.22864" lon="20.02239">
        <ele>1642.98</ele>
      </trkpt>
      <trkpt lat="49.22862" lon="20.02243">
        <ele>1644.3</ele>
      </trkpt>
      <trkpt lat="49.22859" lon="20.02248">
        <ele>1645.75</ele>
      </trkpt>
      <trkpt lat="49.22856" lon="20.02258">
        <ele>1646.68</ele>
      </trkpt>
      <trkpt lat="49.22854" lon="20.02261">
        <ele>1646.8</ele>
      </trkpt>
      <trkpt lat="49.2285" lon="20.02264">
        <ele>1646.8</ele>
      </trkpt>
      <trkpt lat="49.22847" lon="20.02269">
        <ele>1646.65</ele>
      </trkpt>
      <trkpt lat="49.22845" lon="20.02272">
        <ele>1646.45</ele>
      </trkpt>
      <trkpt lat="49.22839" lon="20.02279">
        <ele>1645.63</ele>
      </trkpt>
      <trkpt lat="49.22837" lon="20.02282">
        <ele>1645.44</ele>
      </trkpt>
      <trkpt lat="49.22835" lon="20.02286">
        <ele>1645.22</ele>
      </trkpt>
      <trkpt lat="49.22826" lon="20.02293">
        <ele>1648.12</ele>
      </trkpt>
      <trkpt lat="49.22824" lon="20.02294">
        <ele>1648.92</ele>
      </trkpt>
      <trkpt lat="49.22823" lon="20.02297">
        <ele>1649.18</ele>
      </trkpt>
      <trkpt lat="49.22817" lon="20.02309">
        <ele>1651.45</ele>
      </trkpt>
      <trkpt lat="49.22814" lon="20.02315">
        <ele>1653.56</ele>
      </trkpt>
      <trkpt lat="49.22812" lon="20.02319">
        <ele>1654.99</ele>
      </trkpt>
      <trkpt lat="49.22809" lon="20.02321">
        <ele>1656.47</ele>
      </trkpt>
      <trkpt lat="49.22806" lon="20.02322">
        <ele>1657.79</ele>
      </trkpt>
      <trkpt lat="49.22802" lon="20.02326">
        <ele>1660.41</ele>
      </trkpt>
      <trkpt lat="49.22798" lon="20.02334">
        <ele>1663.68</ele>
      </trkpt>
      <trkpt lat="49.22796" lon="20.02337">
        <ele>1665.26</ele>
      </trkpt>
      <trkpt lat="49.22796" lon="20.02337">
        <ele>1665.26</ele>
      </trkpt>
      <trkpt lat="49.22794" lon="20.02337">
        <ele>1666.17</ele>
      </trkpt>
      <trkpt lat="49.22793" lon="20.02334">
        <ele>1666.01</ele>
      </trkpt>
      <trkpt lat="49.22792" lon="20.02332">
        <ele>1666.15</ele>
      </trkpt>
      <trkpt lat="49.22791" lon="20.02332">
        <ele>1666.62</ele>
      </trkpt>
      <trkpt lat="49.22789" lon="20.02334">
        <ele>1667.87</ele>
      </trkpt>
      <trkpt lat="49.22788" lon="20.02333">
        <ele>1668.17</ele>
      </trkpt>
      <trkpt lat="49.22784" lon="20.02327">
        <ele>1669.3</ele>
      </trkpt>
      <trkpt lat="49.22782" lon="20.02323">
        <ele>1669.79</ele>
      </trkpt>
      <trkpt lat="49.22781" lon="20.02321">
        <ele>1670.06</ele>
      </trkpt>
      <trkpt lat="49.22781" lon="20.02318">
        <ele>1669.71</ele>
      </trkpt>
      <trkpt lat="49.2278" lon="20.02317">
        <ele>1670.1</ele>
      </trkpt>
      <trkpt lat="49.22779" lon="20.02316">
        <ele>1670.5</ele>
      </trkpt>
      <trkpt lat="49.22778" lon="20.02317">
        <ele>1671.12</ele>
      </trkpt>
      <trkpt lat="49.22778" lon="20.02319">
        <ele>1671.34</ele>
      </trkpt>
      <trkpt lat="49.22778" lon="20.02322">
        <ele>1671.67</ele>
      </trkpt>
      <trkpt lat="49.22777" lon="20.02326">
        <ele>1672.49</ele>
      </trkpt>
      <trkpt lat="49.22776" lon="20.02329">
        <ele>1673.17</ele>
      </trkpt>
      <trkpt lat="49.22774" lon="20.02332">
        <ele>1674.22</ele>
      </trkpt>
      <trkpt lat="49.22771" lon="20.02333">
        <ele>1675.4</ele>
      </trkpt>
      <trkpt lat="49.22768" lon="20.02334">
        <ele>1676.6</ele>
      </trkpt>
      <trkpt lat="49.22763" lon="20.02335">
        <ele>1678.5</ele>
      </trkpt>
      <trkpt lat="49.2276" lon="20.02334">
        <ele>1679.47</ele>
      </trkpt>
      <trkpt lat="49.22755" lon="20.0233">
        <ele>1680.84</ele>
      </trkpt>
      <trkpt lat="49.22744" lon="20.02322">
        <ele>1683.07</ele>
      </trkpt>
      <trkpt lat="49.22724" lon="20.02306">
        <ele>1685.66</ele>
      </trkpt>
      <trkpt lat="49.2272" lon="20.02303">
        <ele>1686.58</ele>
      </trkpt>
      <trkpt lat="49.22698" lon="20.023">
        <ele>1693.47</ele>
      </trkpt>
      <trkpt lat="49.22693" lon="20.02296">
        <ele>1695.55</ele>
      </trkpt>
      <trkpt lat="49.2269" lon="20.02295">
        <ele>1696.76</ele>
      </trkpt>
      <trkpt lat="49.22688" lon="20.02292">
        <ele>1697.89</ele>
      </trkpt>
      <trkpt lat="49.22687" lon="20.0229">
        <ele>1698.54</ele>
      </trkpt>
      <trkpt lat="49.22686" lon="20.02288">
        <ele>1699.21</ele>
      </trkpt>
      <trkpt lat="49.22686" lon="20.02287">
        <ele>1699.35</ele>
      </trkpt>
      <trkpt lat="49.22684" lon="20.02288">
        <ele>1699.99</ele>
      </trkpt>
      <trkpt lat="49.22682" lon="20.02286">
        <ele>1701.09</ele>
      </trkpt>
      <trkpt lat="49.2268" lon="20.02288">
        <ele>1701.56</ele>
      </trkpt>
      <trkpt lat="49.22679" lon="20.02291">
        <ele>1701.45</ele>
      </trkpt>
      <trkpt lat="49.22677" lon="20.02292">
        <ele>1702.04</ele>
      </trkpt>
      <trkpt lat="49.22676" lon="20.02291">
        <ele>1702.59</ele>
      </trkpt>
      <trkpt lat="49.22675" lon="20.02291">
        <ele>1702.97</ele>
      </trkpt>
      <trkpt lat="49.22674" lon="20.02294">
        <ele>1702.79</ele>
      </trkpt>
      <trkpt lat="49.22672" lon="20.02295">
        <ele>1703.33</ele>
      </trkpt>
      <trkpt lat="49.22671" lon="20.02293">
        <ele>1704.1</ele>
      </trkpt>
      <trkpt lat="49.2267" lon="20.02289">
        <ele>1705.28</ele>
      </trkpt>
      <trkpt lat="49.22668" lon="20.02289">
        <ele>1706.06</ele>
      </trkpt>
      <trkpt lat="49.22666" lon="20.0229">
        <ele>1706.89</ele>
      </trkpt>
      <trkpt lat="49.22663" lon="20.02289">
        <ele>1709.53</ele>
      </trkpt>
      <trkpt lat="49.22661" lon="20.02284">
        <ele>1712.37</ele>
      </trkpt>
      <trkpt lat="49.2266" lon="20.02283">
        <ele>1713.45</ele>
      </trkpt>
      <trkpt lat="49.22657" lon="20.02284">
        <ele>1715.7</ele>
      </trkpt>
      <trkpt lat="49.22656" lon="20.0228">
        <ele>1717.61</ele>
      </trkpt>
      <trkpt lat="49.22656" lon="20.02275">
        <ele>1718.99</ele>
      </trkpt>
      <trkpt lat="49.22655" lon="20.02268">
        <ele>1721.84</ele>
      </trkpt>
      <trkpt lat="49.22653" lon="20.02263">
        <ele>1725.06</ele>
      </trkpt>
      <trkpt lat="49.22653" lon="20.02258">
        <ele>1726.49</ele>
      </trkpt>
      <trkpt lat="49.22653" lon="20.02254">
        <ele>1727.64</ele>
      </trkpt>
      <trkpt lat="49.22652" lon="20.02255">
        <ele>1728.28</ele>
      </trkpt>
      <trkpt lat="49.2265" lon="20.02257">
        <ele>1729.53</ele>
      </trkpt>
      <trkpt lat="49.22646" lon="20.02265">
        <ele>1730.76</ele>
      </trkpt>
      <trkpt lat="49.22642" lon="20.02273">
        <ele>1731.82</ele>
      </trkpt>
      <trkpt lat="49.22639" lon="20.02276">
        <ele>1733.48</ele>
      </trkpt>
      <trkpt lat="49.22636" lon="20.02277">
        <ele>1735.65</ele>
      </trkpt>
      <trkpt lat="49.22633" lon="20.02281">
        <ele>1736.67</ele>
      </trkpt>
      <trkpt lat="49.22631" lon="20.02283">
        <ele>1737.55</ele>
      </trkpt>
      <trkpt lat="49.2263" lon="20.02288">
        <ele>1736.44</ele>
      </trkpt>
      <trkpt lat="49.22629" lon="20.02297">
        <ele>1733.78</ele>
      </trkpt>
      <trkpt lat="49.22629" lon="20.02299">
        <ele>1733.0</ele>
      </trkpt>
      <trkpt lat="49.22626" lon="20.02298">
        <ele>1735.72</ele>
      </trkpt>
      <trkpt lat="49.22624" lon="20.02296">
        <ele>1738.06</ele>
      </trkpt>
      <trkpt lat="49.22622" lon="20.02295">
        <ele>1740.03</ele>
      </trkpt>
      <trkpt lat="49.2262" lon="20.02297">
        <ele>1740.78</ele>
      </trkpt>
      <trkpt lat="49.22619" lon="20.02296">
        <ele>1741.97</ele>
      </trkpt>
      <trkpt lat="49.22617" lon="20.02294">
        <ele>1744.36</ele>
      </trkpt>
      <trkpt lat="49.22615" lon="20.02289">
        <ele>1748.05</ele>
      </trkpt>
      <trkpt lat="49.22616" lon="20.02286">
        <ele>1748.5</ele>
      </trkpt>
      <trkpt lat="49.22617" lon="20.02283">
        <ele>1748.95</ele>
      </trkpt>
      <trkpt lat="49.22618" lon="20.02279">
        <ele>1749.79</ele>
      </trkpt>
      <trkpt lat="49.22617" lon="20.02275">
        <ele>1752.26</ele>
      </trkpt>
      <trkpt lat="49.22617" lon="20.02269">
        <ele>1754.72</ele>
      </trkpt>
      <trkpt lat="49.22616" lon="20.02265">
        <ele>1757.23</ele>
      </trkpt>
      <trkpt lat="49.22615" lon="20.02263">
        <ele>1758.94</ele>
      </trkpt>
      <trkpt lat="49.22612" lon="20.02263">
        <ele>1761.6</ele>
      </trkpt>
      <trkpt lat="49.22609" lon="20.02266">
        <ele>1762.93</ele>
      </trkpt>
      <trkpt lat="49.22606" lon="20.02268">
        <ele>1764.65</ele>
      </trkpt>
      <trkpt lat="49.22604" lon="20.02268">
        <ele>1766.38</ele>
      </trkpt>
      <trkpt lat="49.22603" lon="20.02267">
        <ele>1767.71</ele>
      </trkpt>
      <trkpt lat="49.22603" lon="20.02263">
        <ele>1769.57</ele>
      </trkpt>
      <trkpt lat="49.22602" lon="20.02261">
        <ele>1771.39</ele>
      </trkpt>
      <trkpt lat="49.226" lon="20.02261">
        <ele>1773.17</ele>
      </trkpt>
      <trkpt lat="49.22599" lon="20.02266">
        <ele>1771.67</ele>
      </trkpt>
      <trkpt lat="49.22598" lon="20.02272">
        <ele>1769.65</ele>
      </trkpt>
      <trkpt lat="49.22596" lon="20.02273">
        <ele>1770.86</ele>
      </trkpt>
      <trkpt lat="49.22595" lon="20.02269">
        <ele>1773.68</ele>
      </trkpt>
      <trkpt lat="49.22593" lon="20.0227">
        <ele>1774.9</ele>
      </trkpt>
      <trkpt lat="49.22592" lon="20.02272">
        <ele>1774.75</ele>
      </trkpt>
      <trkpt lat="49.22588" lon="20.02271">
        <ele>1778.67</ele>
      </trkpt>
      <trkpt lat="49.22583" lon="20.02275">
        <ele>1780.67</ele>
      </trkpt>
      <trkpt lat="49.22581" lon="20.02276">
        <ele>1781.18</ele>
      </trkpt>
      <trkpt lat="49.22578" lon="20.02276">
        <ele>1782.74</ele>
      </trkpt>
      <trkpt lat="49.22576" lon="20.02275">
        <ele>1784.25</ele>
      </trkpt>
      <trkpt lat="49.22573" lon="20.02273">
        <ele>1786.65</ele>
      </trkpt>
      <trkpt lat="49.22569" lon="20.0227">
        <ele>1789.78</ele>
      </trkpt>
      <trkpt lat="49.22566" lon="20.0227">
        <ele>1791.16</ele>
      </trkpt>
      <trkpt lat="49.22565" lon="20.02268">
        <ele>1792.32</ele>
      </trkpt>
      <trkpt lat="49.22559" lon="20.02265">
        <ele>1795.82</ele>
      </trkpt>
      <trkpt lat="49.22555" lon="20.02264">
        <ele>1797.54</ele>
      </trkpt>
      <trkpt lat="49.22547" lon="20.0226">
        <ele>1799.08</ele>
      </trkpt>
      <trkpt lat="49.22542" lon="20.02259">
        <ele>1799.5</ele>
      </trkpt>
      <trkpt lat="49.22538" lon="20.0226">
        <ele>1799.72</ele>
      </trkpt>
      <trkpt lat="49.22531" lon="20.02268">
        <ele>1801.0</ele>
      </trkpt>
      <trkpt lat="49.22529" lon="20.02265">
        <ele>1800.99</ele>
      </trkpt>
      <trkpt lat="49.22526" lon="20.0226">
        <ele>1800.68</ele>
      </trkpt>
      <trkpt lat="49.22521" lon="20.02252">
        <ele>1800.06</ele>
      </trkpt>
      <trkpt lat="49.22518" lon="20.02255">
        <ele>1800.9</ele>
      </trkpt>
      <trkpt lat="49.22514" lon="20.02256">
        <ele>1801.57</ele>
      </trkpt>
      <trkpt lat="49.22514" lon="20.0225">
        <ele>1800.49</ele>
      </trkpt>
      <trkpt lat="49.22513" lon="20.02246">
        <ele>1801.97</ele>
      </trkpt>
      <trkpt lat="49.22511" lon="20.02238">
        <ele>1804.96</ele>
      </trkpt>
      <trkpt lat="49.22513" lon="20.02216">
        <ele>1812.37</ele>
      </trkpt>
      <trkpt lat="49.22509" lon="20.02212">
        <ele>1814.38</ele>
      </trkpt>
      <trkpt lat="49.22502" lon="20.0221">
        <ele>1816.11</ele>
      </trkpt>
      <trkpt lat="49.22499" lon="20.02212">
        <ele>1815.65</ele>
      </trkpt>
      <trkpt lat="49.22496" lon="20.02216">
        <ele>1814.18</ele>
      </trkpt>
      <trkpt lat="49.22494" lon="20.02216">
        <ele>1814.14</ele>
      </trkpt>
      <trkpt lat="49.22491" lon="20.02209">
        <ele>1816.45</ele>
      </trkpt>
      <trkpt lat="49.22487" lon="20.022">
        <ele>1819.25</ele>
      </trkpt>
      <trkpt lat="49.22479" lon="20.02195">
        <ele>1820.32</ele>
      </trkpt>
      <trkpt lat="49.22473" lon="20.02193">
        <ele>1820.42</ele>
      </trkpt>
      <trkpt lat="49.22466" lon="20.02179">
        <ele>1822.97</ele>
      </trkpt>
      <trkpt lat="49.2246" lon="20.02169">
        <ele>1824.29</ele>
      </trkpt>
      <trkpt lat="49.22459" lon="20.02168">
        <ele>1824.33</ele>
      </trkpt>
      <trkpt lat="49.22453" lon="20.02162">
        <ele>1825.61</ele>
      </trkpt>
      <trkpt lat="49.22446" lon="20.02163">
        <ele>1823.87</ele>
      </trkpt>
      <trkpt lat="49.22442" lon="20.02157">
        <ele>1825.71</ele>
      </trkpt>
      <trkpt lat="49.22438" lon="20.02152">
        <ele>1827.05</ele>
      </trkpt>
      <trkpt lat="49.22436" lon="20.02148">
        <ele>1828.34</ele>
      </trkpt>
      <trkpt lat="49.22433" lon="20.0214">
        <ele>1831.06</ele>
      </trkpt>
      <trkpt lat="49.22431" lon="20.02138">
        <ele>1831.46</ele>
      </trkpt>
      <trkpt lat="49.22427" lon="20.02129">
        <ele>1834.28</ele>
      </trkpt>
      <trkpt lat="49.22421" lon="20.02117">
        <ele>1837.73</ele>
      </trkpt>
      <trkpt lat="49.22419" lon="20.02112">
        <ele>1839.23</ele>
      </trkpt>
      <trkpt lat="49.22418" lon="20.0211">
        <ele>1839.78</ele>
      </trkpt>
      <trkpt lat="49.22412" lon="20.02106">
        <ele>1841.89</ele>
      </trkpt>
      <trkpt lat="49.22407" lon="20.02097">
        <ele>1845.26</ele>
      </trkpt>
      <trkpt lat="49.22398" lon="20.02085">
        <ele>1847.73</ele>
      </trkpt>
      <trkpt lat="49.22391" lon="20.02085">
        <ele>1847.12</ele>
      </trkpt>
      <trkpt lat="49.22379" lon="20.02077">
        <ele>1851.74</ele>
      </trkpt>
      <trkpt lat="49.2234" lon="20.02031">
        <ele>1867.82</ele>
      </trkpt>
      <trkpt lat="49.22338" lon="20.02031">
        <ele>1867.36</ele>
      </trkpt>
      <trkpt lat="49.22336" lon="20.02032">
        <ele>1866.67</ele>
      </trkpt>
      <trkpt lat="49.22321" lon="20.0201">
        <ele>1871.91</ele>
      </trkpt>
      <trkpt lat="49.22312" lon="20.02001">
        <ele>1873.45</ele>
      </trkpt>
      <trkpt lat="49.22304" lon="20.01997">
        <ele>1872.87</ele>
      </trkpt>
      <trkpt lat="49.22295" lon="20.01996">
        <ele>1872.24</ele>
      </trkpt>
      <trkpt lat="49.22287" lon="20.01999">
        <ele>1871.16</ele>
      </trkpt>
      <trkpt lat="49.22277" lon="20.01993">
        <ele>1871.92</ele>
      </trkpt>
      <trkpt lat="49.22271" lon="20.01969">
        <ele>1878.62</ele>
      </trkpt>
      <trkpt lat="49.22262" lon="20.01966">
        <ele>1880.36</ele>
      </trkpt>
      <trkpt lat="49.22257" lon="20.01962">
        <ele>1881.65</ele>
      </trkpt>
      <trkpt lat="49.22254" lon="20.01958">
        <ele>1882.62</ele>
      </trkpt>
      <trkpt lat="49.2225" lon="20.01959">
        <ele>1882.9</ele>
      </trkpt>
      <trkpt lat="49.22246" lon="20.0196">
        <ele>1885.21</ele>
      </trkpt>
      <trkpt lat="49.22246" lon="20.01958">
        <ele>1885.5</ele>
      </trkpt>
      <trkpt lat="49.22247" lon="20.01946">
        <ele>1886.61</ele>
      </trkpt>
      <trkpt lat="49.22247" lon="20.01937">
        <ele>1888.15</ele>
      </trkpt>
      <trkpt lat="49.22245" lon="20.01934">
        <ele>1889.87</ele>
      </trkpt>
      <trkpt lat="49.22239" lon="20.01936">
        <ele>1893.13</ele>
      </trkpt>
      <trkpt lat="49.22239" lon="20.01935">
        <ele>1893.3</ele>
      </trkpt>
      <trkpt lat="49.2224" lon="20.01925">
        <ele>1894.37</ele>
      </trkpt>
      <trkpt lat="49.22243" lon="20.01914">
        <ele>1895.02</ele>
      </trkpt>
      <trkpt lat="49.22242" lon="20.01912">
        <ele>1896.31</ele>
      </trkpt>
      <trkpt lat="49.22238" lon="20.01911">
        <ele>1898.89</ele>
      </trkpt>
      <trkpt lat="49.22236" lon="20.019">
        <ele>1903.76</ele>
      </trkpt>
      <trkpt lat="49.22228" lon="20.01903">
        <ele>1906.92</ele>
      </trkpt>
      <trkpt lat="49.22223" lon="20.01888">
        <ele>1913.9</ele>
      </trkpt>
      <trkpt lat="49.22224" lon="20.01885">
        <ele>1914.32</ele>
      </trkpt>
      <trkpt lat="49.22221" lon="20.01879">
        <ele>1917.34</ele>
      </trkpt>
      <trkpt lat="49.22209" lon="20.01893">
        <ele>1918.74</ele>
      </trkpt>
      <trkpt lat="49.22203" lon="20.01879">
        <ele>1924.66</ele>
      </trkpt>
      <trkpt lat="49.22197" lon="20.01884">
        <ele>1925.98</ele>
      </trkpt>
      <trkpt lat="49.22192" lon="20.01866">
        <ele>1931.8</ele>
      </trkpt>
      <trkpt lat="49.22186" lon="20.01873">
        <ele>1932.69</ele>
      </trkpt>
      <trkpt lat="49.22183" lon="20.01868">
        <ele>1934.63</ele>
      </trkpt>
      <trkpt lat="49.22176" lon="20.01876">
        <ele>1936.18</ele>
      </trkpt>
      <trkpt lat="49.22174" lon="20.01866">
        <ele>1938.09</ele>
      </trkpt>
      <trkpt lat="49.22166" lon="20.0185">
        <ele>1942.45</ele>
      </trkpt>
      <trkpt lat="49.22159" lon="20.0186">
        <ele>1948.53</ele>
      </trkpt>
      <trkpt lat="49.22152" lon="20.01851">
        <ele>1955.98</ele>
      </trkpt>
      <trkpt lat="49.22148" lon="20.01867">
        <ele>1958.72</ele>
      </trkpt>
      <trkpt lat="49.22142" lon="20.01858">
        <ele>1965.2</ele>
      </trkpt>
      <trkpt lat="49.22138" lon="20.0186">
        <ele>1968.94</ele>
      </trkpt>
      <trkpt lat="49.22134" lon="20.01866">
        <ele>1972.4</ele>
      </trkpt>
      <trkpt lat="49.22131" lon="20.01856">
        <ele>1976.04</ele>
      </trkpt>
      <trkpt lat="49.22129" lon="20.01853">
        <ele>1978.2</ele>
      </trkpt>
      <trkpt lat="49.22127" lon="20.01846">
        <ele>1980.64</ele>
      </trkpt>
      <trkpt lat="49.22126" lon="20.01838">
        <ele>1982.19</ele>
      </trkpt>
      <trkpt lat="49.22122" lon="20.01834">
        <ele>1986.37</ele>
      </trkpt>
      <trkpt lat="49.22111" lon="20.01811">
        <ele>2003.53</ele>
      </trkpt>
      <trkpt lat="49.22101" lon="20.01796">
        <ele>2016.38</ele>
      </trkpt>
      <trkpt lat="49.22089" lon="20.01792">
        <ele>2027.93</ele>
      </trkpt>
      <trkpt lat="49.22085" lon="20.01777">
        <ele>2034.73</ele>
      </trkpt>
      <trkpt lat="49.22083" lon="20.01763">
        <ele>2039.5</ele>
      </trkpt>
      <trkpt lat="49.22079" lon="20.01765">
        <ele>2042.84</ele>
      </trkpt>
      <trkpt lat="49.2207" lon="20.01774">
        <ele>2049.99</ele>
      </trkpt>
      <trkpt lat="49.22066" lon="20.01774">
        <ele>2053.95</ele>
      </trkpt>
      <trkpt lat="49.2207" lon="20.01764">
        <ele>2051.46</ele>
      </trkpt>
      <trkpt lat="49.2207" lon="20.01761">
        <ele>2051.9</ele>
      </trkpt>
      <trkpt lat="49.22061" lon="20.01761">
        <ele>2060.19</ele>
      </trkpt>
      <trkpt lat="49.22056" lon="20.01763">
        <ele>2064.65</ele>
      </trkpt>
      <trkpt lat="49.2205" lon="20.0177">
        <ele>2069.79</ele>
      </trkpt>
      <trkpt lat="49.22047" lon="20.01763">
        <ele>2072.89</ele>
      </trkpt>
      <trkpt lat="49.22041" lon="20.01766">
        <ele>2078.33</ele>
      </trkpt>
      <trkpt lat="49.22034" lon="20.01769">
        <ele>2084.85</ele>
      </trkpt>
      <trkpt lat="49.2203" lon="20.01761">
        <ele>2088.38</ele>
      </trkpt>
      <trkpt lat="49.22022" lon="20.0176">
        <ele>2095.65</ele>
      </trkpt>
      <trkpt lat="49.22012" lon="20.01753">
        <ele>2103.99</ele>
      </trkpt>
      <trkpt lat="49.22006" lon="20.01744">
        <ele>2109.77</ele>
      </trkpt>
      <trkpt lat="49.21983" lon="20.01746">
        <ele>2120.61</ele>
      </trkpt>
      <trkpt lat="49.21981" lon="20.01752">
        <ele>2121.15</ele>
      </trkpt>
      <trkpt lat="49.21978" lon="20.01752">
        <ele>2122.22</ele>
      </trkpt>
      <trkpt lat="49.21973" lon="20.01739">
        <ele>2124.92</ele>
      </trkpt>
      <trkpt lat="49.2197" lon="20.01726">
        <ele>2127.26</ele>
      </trkpt>
      <trkpt lat="49.21952" lon="20.01699">
        <ele>2133.89</ele>
      </trkpt>
      <trkpt lat="49.2194" lon="20.01686">
        <ele>2137.49</ele>
      </trkpt>
      <trkpt lat="49.21937" lon="20.01679">
        <ele>2138.4</ele>
      </trkpt>
      <trkpt lat="49.21937" lon="20.01679">
        <ele>2138.4</ele>
      </trkpt>
      <trkpt lat="49.21931" lon="20.01662">
        <ele>2138.66</ele>
      </trkpt>
      <trkpt lat="49.21928" lon="20.01651">
        <ele>2136.06</ele>
      </trkpt>
      <trkpt lat="49.21924" lon="20.01647">
        <ele>2135.27</ele>
      </trkpt>
      <trkpt lat="49.21919" lon="20.01647">
        <ele>2135.71</ele>
      </trkpt>
      <trkpt lat="49.21915" lon="20.01645">
        <ele>2134.33</ele>
      </trkpt>
      <trkpt lat="49.21911" lon="20.01641">
        <ele>2130.87</ele>
      </trkpt>
      <trkpt lat="49.21909" lon="20.01639">
        <ele>2129.17</ele>
      </trkpt>
      <trkpt lat="49.21908" lon="20.01647">
        <ele>2131.37</ele>
      </trkpt>
      <trkpt lat="49.2191" lon="20.01652">
        <ele>2134.13</ele>
      </trkpt>
      <trkpt lat="49.2191" lon="20.01661">
        <ele>2137.22</ele>
      </trkpt>
      <trkpt lat="49.21909" lon="20.01677">
        <ele>2139.16</ele>
      </trkpt>
      <trkpt lat="49.21908" lon="20.01697">
        <ele>2139.72</ele>
      </trkpt>
      <trkpt lat="49.21909" lon="20.01706">
        <ele>2140.48</ele>
      </trkpt>
      <trkpt lat="49.21908" lon="20.01706">
        <ele>2140.02</ele>
      </trkpt>
      <trkpt lat="49.21907" lon="20.01713">
        <ele>2139.83</ele>
      </trkpt>
      <trkpt lat="49.21906" lon="20.01717">
        <ele>2139.56</ele>
      </trkpt>
      <trkpt lat="49.21903" lon="20.01721">
        <ele>2138.52</ele>
      </trkpt>
      <trkpt lat="49.2189" lon="20.01744">
        <ele>2135.73</ele>
      </trkpt>
      <trkpt lat="49.21885" lon="20.01747">
        <ele>2134.89</ele>
      </trkpt>
      <trkpt lat="49.21881" lon="20.01753">
        <ele>2135.32</ele>
      </trkpt>
      <trkpt lat="49.21873" lon="20.01757">
        <ele>2134.58</ele>
      </trkpt>
      <trkpt lat="49.21855" lon="20.01767">
        <ele>2130.75</ele>
      </trkpt>
      <trkpt lat="49.2185" lon="20.01769">
        <ele>2128.62</ele>
      </trkpt>
      <trkpt lat="49.21846" lon="20.01769">
        <ele>2126.78</ele>
      </trkpt>
      <trkpt lat="49.21843" lon="20.0177">
        <ele>2125.38</ele>
      </trkpt>
      <trkpt lat="49.21838" lon="20.01774">
        <ele>2122.77</ele>
      </trkpt>
      <trkpt lat="49.21816" lon="20.01781">
        <ele>2117.1</ele>
      </trkpt>
      <trkpt lat="49.21802" lon="20.01786">
        <ele>2113.88</ele>
      </trkpt>
      <trkpt lat="49.21798" lon="20.01786">
        <ele>2112.62</ele>
      </trkpt>
      <trkpt lat="49.21793" lon="20.01785">
        <ele>2110.87</ele>
      </trkpt>
      <trkpt lat="49.2179" lon="20.01787">
        <ele>2110.33</ele>
      </trkpt>
      <trkpt lat="49.21786" lon="20.0179">
        <ele>2109.96</ele>
      </trkpt>
      <trkpt lat="49.21783" lon="20.01791">
        <ele>2109.51</ele>
      </trkpt>
      <trkpt lat="49.21781" lon="20.01792">
        <ele>2109.37</ele>
      </trkpt>
      <trkpt lat="49.21779" lon="20.01787">
        <ele>2107.02</ele>
      </trkpt>
      <trkpt lat="49.21777" lon="20.01787">
        <ele>2105.71</ele>
      </trkpt>
      <trkpt lat="49.21775" lon="20.01791">
        <ele>2104.76</ele>
      </trkpt>
      <trkpt lat="49.21773" lon="20.01793">
        <ele>2102.94</ele>
      </trkpt>
      <trkpt lat="49.21771" lon="20.01798">
        <ele>2102.02</ele>
      </trkpt>
      <trkpt lat="49.2177" lon="20.01807">
        <ele>2102.94</ele>
      </trkpt>
      <trkpt lat="49.21769" lon="20.01813">
        <ele>2101.08</ele>
      </trkpt>
      <trkpt lat="49.21767" lon="20.0184">
        <ele>2098.17</ele>
      </trkpt>
      <trkpt lat="49.21768" lon="20.01845">
        <ele>2099.71</ele>
      </trkpt>
      <trkpt lat="49.21765" lon="20.01852">
        <ele>2097.09</ele>
      </trkpt>
      <trkpt lat="49.2176" lon="20.01852">
        <ele>2091.5</ele>
      </trkpt>
      <trkpt lat="49.21756" lon="20.01862">
        <ele>2087.13</ele>
      </trkpt>
      <trkpt lat="49.21752" lon="20.01872">
        <ele>2082.38</ele>
      </trkpt>
      <trkpt lat="49.21745" lon="20.01886">
        <ele>2073.86</ele>
      </trkpt>
      <trkpt lat="49.21739" lon="20.01898">
        <ele>2066.46</ele>
      </trkpt>
      <trkpt lat="49.2173" lon="20.0191">
        <ele>2057.07</ele>
      </trkpt>
      <trkpt lat="49.21721" lon="20.01918">
        <ele>2049.46</ele>
      </trkpt>
      <trkpt lat="49.21716" lon="20.01922">
        <ele>2046.98</ele>
      </trkpt>
      <trkpt lat="49.21711" lon="20.01928">
        <ele>2045.1</ele>
      </trkpt>
      <trkpt lat="49.21702" lon="20.01936">
        <ele>2041.36</ele>
      </trkpt>
      <trkpt lat="49.21692" lon="20.01941">
        <ele>2036.95</ele>
      </trkpt>
      <trkpt lat="49.21681" lon="20.01952">
        <ele>2034.96</ele>
      </trkpt>
      <trkpt lat="49.21677" lon="20.01955">
        <ele>2033.98</ele>
      </trkpt>
      <trkpt lat="49.21669" lon="20.01956">
        <ele>2030.89</ele>
      </trkpt>
      <trkpt lat="49.21658" lon="20.0195">
        <ele>2026.84</ele>
      </trkpt>
      <trkpt lat="49.21653" lon="20.01944">
        <ele>2024.91</ele>
      </trkpt>
      <trkpt lat="49.21649" lon="20.0194">
        <ele>2023.28</ele>
      </trkpt>
      <trkpt lat="49.21645" lon="20.01936">
        <ele>2021.69</ele>
      </trkpt>
      <trkpt lat="49.21641" lon="20.01934">
        <ele>2020.64</ele>
      </trkpt>
      <trkpt lat="49.21638" lon="20.01935">
        <ele>2020.44</ele>
      </trkpt>
      <trkpt lat="49.21636" lon="20.01936">
        <ele>2020.28</ele>
      </trkpt>
      <trkpt lat="49.21633" lon="20.01934">
        <ele>2019.18</ele>
      </trkpt>
      <trkpt lat="49.21632" lon="20.01929">
        <ele>2017.76</ele>
      </trkpt>
      <trkpt lat="49.21624" lon="20.01921">
        <ele>2014.33</ele>
      </trkpt>
      <trkpt lat="49.21603" lon="20.01894">
        <ele>2006.33</ele>
      </trkpt>
      <trkpt lat="49.21594" lon="20.0189">
        <ele>2004.1</ele>
      </trkpt>
      <trkpt lat="49.21584" lon="20.01882">
        <ele>2000.13</ele>
      </trkpt>
      <trkpt lat="49.21579" lon="20.0188">
        <ele>1998.61</ele>
      </trkpt>
      <trkpt lat="49.21574" lon="20.01878">
        <ele>1997.05</ele>
      </trkpt>
      <trkpt lat="49.21568" lon="20.0187">
        <ele>1993.42</ele>
      </trkpt>
      <trkpt lat="49.2156" lon="20.01855">
        <ele>1987.79</ele>
      </trkpt>
      <trkpt lat="49.21544" lon="20.01844">
        <ele>1986.74</ele>
      </trkpt>
      <trkpt lat="49.21535" lon="20.0184">
        <ele>1987.34</ele>
      </trkpt>
      <trkpt lat="49.21531" lon="20.01836">
        <ele>1987.1</ele>
      </trkpt>
      <trkpt lat="49.21526" lon="20.01832">
        <ele>1986.5</ele>
      </trkpt>
      <trkpt lat="49.21518" lon="20.01827">
        <ele>1984.45</ele>
      </trkpt>
      <trkpt lat="49.21509" lon="20.01824">
        <ele>1982.62</ele>
      </trkpt>
      <trkpt lat="49.21504" lon="20.0182">
        <ele>1981.18</ele>
      </trkpt>
      <trkpt lat="49.21498" lon="20.0182">
        <ele>1980.67</ele>
      </trkpt>
      <trkpt lat="49.21492" lon="20.01822">
        <ele>1981.2</ele>
      </trkpt>
      <trkpt lat="49.21478" lon="20.01826">
        <ele>1982.1</ele>
      </trkpt>
      <trkpt lat="49.21459" lon="20.01835">
        <ele>1981.16</ele>
      </trkpt>
      <trkpt lat="49.2145" lon="20.01842">
        <ele>1979.92</ele>
      </trkpt>
      <trkpt lat="49.21443" lon="20.01849">
        <ele>1978.06</ele>
      </trkpt>
      <trkpt lat="49.21437" lon="20.01858">
        <ele>1974.77</ele>
      </trkpt>
      <trkpt lat="49.21428" lon="20.01868">
        <ele>1971.79</ele>
      </trkpt>
      <trkpt lat="49.21428" lon="20.01868">
        <ele>1971.79</ele>
      </trkpt>
      <trkpt lat="49.2142" lon="20.01873">
        <ele>1969.67</ele>
      </trkpt>
      <trkpt lat="49.21415" lon="20.01879">
        <ele>1969.86</ele>
      </trkpt>
      <trkpt lat="49.21411" lon="20.01894">
        <ele>1974.06</ele>
      </trkpt>
      <trkpt lat="49.21406" lon="20.01904">
        <ele>1976.06</ele>
      </trkpt>
      <trkpt lat="49.21396" lon="20.01912">
        <ele>1974.69</ele>
      </trkpt>
      <trkpt lat="49.21392" lon="20.01916">
        <ele>1974.23</ele>
      </trkpt>
      <trkpt lat="49.21388" lon="20.01915">
        <ele>1972.07</ele>
      </trkpt>
      <trkpt lat="49.21385" lon="20.01914">
        <ele>1970.42</ele>
      </trkpt>
      <trkpt lat="49.21377" lon="20.01918">
        <ele>1968.43</ele>
      </trkpt>
      <trkpt lat="49.2137" lon="20.01922">
        <ele>1967.21</ele>
      </trkpt>
      <trkpt lat="49.21362" lon="20.01933">
        <ele>1968.99</ele>
      </trkpt>
      <trkpt lat="49.21355" lon="20.01948">
        <ele>1970.98</ele>
      </trkpt>
      <trkpt lat="49.2135" lon="20.01952">
        <ele>1968.88</ele>
      </trkpt>
      <trkpt lat="49.21348" lon="20.01959">
        <ele>1970.08</ele>
      </trkpt>
      <trkpt lat="49.21345" lon="20.01965">
        <ele>1970.11</ele>
      </trkpt>
      <trkpt lat="49.21339" lon="20.01975">
        <ele>1969.14</ele>
      </trkpt>
      <trkpt lat="49.21335" lon="20.01984">
        <ele>1969.03</ele>
      </trkpt>
      <trkpt lat="49.21331" lon="20.01988">
        <ele>1968.58</ele>
      </trkpt>
      <trkpt lat="49.21328" lon="20.01992">
        <ele>1969.28</ele>
      </trkpt>
      <trkpt lat="49.21324" lon="20.02002">
        <ele>1972.06</ele>
      </trkpt>
      <trkpt lat="49.21319" lon="20.02009">
        <ele>1973.47</ele>
      </trkpt>
      <trkpt lat="49.21313" lon="20.02014">
        <ele>1973.54</ele>
      </trkpt>
      <trkpt lat="49.21309" lon="20.02019">
        <ele>1973.83</ele>
      </trkpt>
      <trkpt lat="49.21304" lon="20.02021">
        <ele>1972.93</ele>
      </trkpt>
      <trkpt lat="49.213" lon="20.02024">
        <ele>1972.7</ele>
      </trkpt>
      <trkpt lat="49.21295" lon="20.02026">
        <ele>1971.94</ele>
      </trkpt>
      <trkpt lat="49.2129" lon="20.02033">
        <ele>1971.16</ele>
      </trkpt>
      <trkpt lat="49.21285" lon="20.02031">
        <ele>1969.85</ele>
      </trkpt>
      <trkpt lat="49.2128" lon="20.02028">
        <ele>1968.56</ele>
      </trkpt>
      <trkpt lat="49.21275" lon="20.02024">
        <ele>1966.13</ele>
      </trkpt>
      <trkpt lat="49.21271" lon="20.0202">
        <ele>1963.74</ele>
      </trkpt>
      <trkpt lat="49.21261" lon="20.02003">
        <ele>1956.83</ele>
      </trkpt>
      <trkpt lat="49.21268" lon="20.01998">
        <ele>1958.39</ele>
      </trkpt>
      <trkpt lat="49.21259" lon="20.0199">
        <ele>1952.09</ele>
      </trkpt>
      <trkpt lat="49.21255" lon="20.01984">
        <ele>1948.59</ele>
      </trkpt>
      <trkpt lat="49.21245" lon="20.01982">
        <ele>1945.44</ele>
      </trkpt>
      <trkpt lat="49.21235" lon="20.01975">
        <ele>1942.12</ele>
      </trkpt>
      <trkpt lat="49.2123" lon="20.01978">
        <ele>1942.26</ele>
      </trkpt>
      <trkpt lat="49.21224" lon="20.01981">
        <ele>1942.15</ele>
      </trkpt>
      <trkpt lat="49.21218" lon="20.01981">
        <ele>1942.37</ele>
      </trkpt>
      <trkpt lat="49.21208" lon="20.01983">
        <ele>1943.7</ele>
      </trkpt>
      <trkpt lat="49.21205" lon="20.01991">
        <ele>1944.64</ele>
      </trkpt>
      <trkpt lat="49.21203" lon="20.0199">
        <ele>1944.64</ele>
      </trkpt>
      <trkpt lat="49.21201" lon="20.01989">
        <ele>1944.68</ele>
      </trkpt>
      <trkpt lat="49.21199" lon="20.01991">
        <ele>1944.85</ele>
      </trkpt>
      <trkpt lat="49.21196" lon="20.01991">
        <ele>1944.95</ele>
      </trkpt>
      <trkpt lat="49.21195" lon="20.01999">
        <ele>1945.02</ele>
      </trkpt>
      <trkpt lat="49.2119" lon="20.01999">
        <ele>1944.52</ele>
      </trkpt>
      <trkpt lat="49.21185" lon="20.01996">
        <ele>1943.98</ele>
      </trkpt>
      <trkpt lat="49.21177" lon="20.01999">
        <ele>1943.12</ele>
      </trkpt>
      <trkpt lat="49.21173" lon="20.01998">
        <ele>1942.68</ele>
      </trkpt>
      <trkpt lat="49.21164" lon="20.01992">
        <ele>1940.86</ele>
      </trkpt>
      <trkpt lat="49.2116" lon="20.01989">
        <ele>1939.07</ele>
      </trkpt>
      <trkpt lat="49.21157" lon="20.01986">
        <ele>1937.65</ele>
      </trkpt>
      <trkpt lat="49.21154" lon="20.01982">
        <ele>1936.1</ele>
      </trkpt>
      <trkpt lat="49.21152" lon="20.01977">
        <ele>1934.88</ele>
      </trkpt>
      <trkpt lat="49.21149" lon="20.01977">
        <ele>1933.42</ele>
      </trkpt>
      <trkpt lat="49.21147" lon="20.01977">
        <ele>1932.45</ele>
      </trkpt>
      <trkpt lat="49.21144" lon="20.0198">
        <ele>1931.26</ele>
      </trkpt>
      <trkpt lat="49.2114" lon="20.01984">
        <ele>1929.78</ele>
      </trkpt>
      <trkpt lat="49.21141" lon="20.0199">
        <ele>1930.84</ele>
      </trkpt>
      <trkpt lat="49.21142" lon="20.01995">
        <ele>1931.75</ele>
      </trkpt>
      <trkpt lat="49.21128" lon="20.01996">
        <ele>1927.66</ele>
      </trkpt>
      <trkpt lat="49.21117" lon="20.02">
        <ele>1924.7</ele>
      </trkpt>
      <trkpt lat="49.21114" lon="20.02006">
        <ele>1923.36</ele>
      </trkpt>
      <trkpt lat="49.2111" lon="20.02008">
        <ele>1922.21</ele>
      </trkpt>
      <trkpt lat="49.21101" lon="20.02016">
        <ele>1920.08</ele>
      </trkpt>
      <trkpt lat="49.21097" lon="20.02017">
        <ele>1919.35</ele>
      </trkpt>
      <trkpt lat="49.21092" lon="20.02016">
        <ele>1918.51</ele>
      </trkpt>
      <trkpt lat="49.21085" lon="20.02018">
        <ele>1917.28</ele>
      </trkpt>
      <trkpt lat="49.21078" lon="20.02016">
        <ele>1915.63</ele>
      </trkpt>
      <trkpt lat="49.21075" lon="20.02016">
        <ele>1914.85</ele>
      </trkpt>
      <trkpt lat="49.21069" lon="20.02021">
        <ele>1913.12</ele>
      </trkpt>
      <trkpt lat="49.21063" lon="20.02021">
        <ele>1911.5</ele>
      </trkpt>
      <trkpt lat="49.21063" lon="20.02021">
        <ele>1911.5</ele>
      </trkpt>
      <trkpt lat="49.21062" lon="20.02022">
        <ele>1911.18</ele>
      </trkpt>
      <trkpt lat="49.21061" lon="20.02024">
        <ele>1910.79</ele>
      </trkpt>
      <trkpt lat="49.21066" lon="20.0205">
        <ele>1907.01</ele>
      </trkpt>
      <trkpt lat="49.21068" lon="20.02055">
        <ele>1906.6</ele>
      </trkpt>
      <trkpt lat="49.21068" lon="20.02059">
        <ele>1905.56</ele>
      </trkpt>
      <trkpt lat="49.21067" lon="20.02061">
        <ele>1904.67</ele>
      </trkpt>
      <trkpt lat="49.21058" lon="20.02061">
        <ele>1901.49</ele>
      </trkpt>
      <trkpt lat="49.21052" lon="20.02063">
        <ele>1898.53</ele>
      </trkpt>
      <trkpt lat="49.21042" lon="20.02059">
        <ele>1894.91</ele>
      </trkpt>
      <trkpt lat="49.2104" lon="20.02062">
        <ele>1893.36</ele>
      </trkpt>
      <trkpt lat="49.21039" lon="20.0207">
        <ele>1891.23</ele>
      </trkpt>
      <trkpt lat="49.21031" lon="20.02085">
        <ele>1884.89</ele>
      </trkpt>
      <trkpt lat="49.2103" lon="20.02097">
        <ele>1881.77</ele>
      </trkpt>
      <trkpt lat="49.21027" lon="20.02105">
        <ele>1879.1</ele>
      </trkpt>
      <trkpt lat="49.21027" lon="20.02107">
        <ele>1878.66</ele>
      </trkpt>
      <trkpt lat="49.21033" lon="20.02114">
        <ele>1878.38</ele>
      </trkpt>
      <trkpt lat="49.21044" lon="20.02119">
        <ele>1879.53</ele>
      </trkpt>
      <trkpt lat="49.21046" lon="20.02121">
        <ele>1879.39</ele>
      </trkpt>
      <trkpt lat="49.21048" lon="20.02124">
        <ele>1878.92</ele>
      </trkpt>
      <trkpt lat="49.21047" lon="20.0213">
        <ele>1876.72</ele>
      </trkpt>
      <trkpt lat="49.21046" lon="20.02136">
        <ele>1874.53</ele>
      </trkpt>
      <trkpt lat="49.21041" lon="20.02145">
        <ele>1870.03</ele>
      </trkpt>
      <trkpt lat="49.21039" lon="20.02152">
        <ele>1866.92</ele>
      </trkpt>
      <trkpt lat="49.21033" lon="20.02162">
        <ele>1861.84</ele>
      </trkpt>
      <trkpt lat="49.21029" lon="20.02176">
        <ele>1855.2</ele>
      </trkpt>
      <trkpt lat="49.21019" lon="20.02182">
        <ele>1851.49</ele>
      </trkpt>
      <trkpt lat="49.20991" lon="20.02207">
        <ele>1840.34</ele>
      </trkpt>
      <trkpt lat="49.20977" lon="20.02225">
        <ele>1831.15</ele>
      </trkpt>
      <trkpt lat="49.20974" lon="20.02231">
        <ele>1828.56</ele>
      </trkpt>
      <trkpt lat="49.20973" lon="20.02238">
        <ele>1826.07</ele>
      </trkpt>
      <trkpt lat="49.20974" lon="20.0224">
        <ele>1825.66</ele>
      </trkpt>
      <trkpt lat="49.20977" lon="20.02251">
        <ele>1822.92</ele>
      </trkpt>
      <trkpt lat="49.20979" lon="20.02254">
        <ele>1822.56</ele>
      </trkpt>
      <trkpt lat="49.2099" lon="20.02264">
        <ele>1822.45</ele>
      </trkpt>
      <trkpt lat="49.20995" lon="20.02274">
        <ele>1820.83</ele>
      </trkpt>
      <trkpt lat="49.20996" lon="20.02279">
        <ele>1819.45</ele>
      </trkpt>
      <trkpt lat="49.20998" lon="20.023">
        <ele>1810.33</ele>
      </trkpt>
      <trkpt lat="49.21006" lon="20.02319">
        <ele>1804.46</ele>
      </trkpt>
      <trkpt lat="49.21007" lon="20.02327">
        <ele>1802.0</ele>
      </trkpt>
      <trkpt lat="49.21004" lon="20.02347">
        <ele>1797.61</ele>
      </trkpt>
      <trkpt lat="49.21004" lon="20.02364">
        <ele>1794.55</ele>
      </trkpt>
      <trkpt lat="49.21004" lon="20.02382">
        <ele>1790.85</ele>
      </trkpt>
      <trkpt lat="49.20998" lon="20.024">
        <ele>1787.13</ele>
      </trkpt>
      <trkpt lat="49.20994" lon="20.02415">
        <ele>1784.34</ele>
      </trkpt>
      <trkpt lat="49.20993" lon="20.02424">
        <ele>1783.01</ele>
      </trkpt>
      <trkpt lat="49.20987" lon="20.02458">
        <ele>1780.24</ele>
      </trkpt>
      <trkpt lat="49.20983" lon="20.02482">
        <ele>1780.0</ele>
      </trkpt>
      <trkpt lat="49.20984" lon="20.02501">
        <ele>1780.02</ele>
      </trkpt>
      <trkpt lat="49.20978" lon="20.0252">
        <ele>1780.57</ele>
      </trkpt>
      <trkpt lat="49.20977" lon="20.02536">
        <ele>1781.12</ele>
      </trkpt>
      <trkpt lat="49.20974" lon="20.02549">
        <ele>1781.7</ele>
      </trkpt>
      <trkpt lat="49.20975" lon="20.02563">
        <ele>1781.12</ele>
      </trkpt>
      <trkpt lat="49.20976" lon="20.02575">
        <ele>1779.86</ele>
      </trkpt>
      <trkpt lat="49.2098" lon="20.02587">
        <ele>1778.74</ele>
      </trkpt>
      <trkpt lat="49.20982" lon="20.02602">
        <ele>1777.66</ele>
      </trkpt>
      <trkpt lat="49.20982" lon="20.02623">
        <ele>1776.29</ele>
      </trkpt>
      <trkpt lat="49.2098" lon="20.0263">
        <ele>1775.83</ele>
      </trkpt>
      <trkpt lat="49.2098" lon="20.02635">
        <ele>1775.52</ele>
      </trkpt>
      <trkpt lat="49.2099" lon="20.02655">
        <ele>1775.27</ele>
      </trkpt>
      <trkpt lat="49.20992" lon="20.02662">
        <ele>1775.12</ele>
      </trkpt>
      <trkpt lat="49.20992" lon="20.02678">
        <ele>1774.88</ele>
      </trkpt>
      <trkpt lat="49.20991" lon="20.02696">
        <ele>1774.66</ele>
      </trkpt>
      <trkpt lat="49.20988" lon="20.02706">
        <ele>1774.39</ele>
      </trkpt>
      <trkpt lat="49.20989" lon="20.02712">
        <ele>1774.35</ele>
      </trkpt>
      <trkpt lat="49.20989" lon="20.02719">
        <ele>1774.25</ele>
      </trkpt>
      <trkpt lat="49.20987" lon="20.02725">
        <ele>1774.07</ele>
      </trkpt>
      <trkpt lat="49.20986" lon="20.02759">
        <ele>1774.15</ele>
      </trkpt>
      <trkpt lat="49.20978" lon="20.02786">
        <ele>1773.33</ele>
      </trkpt>
      <trkpt lat="49.20976" lon="20.02795">
        <ele>1772.79</ele>
      </trkpt>
      <trkpt lat="49.20978" lon="20.0281">
        <ele>1772.21</ele>
      </trkpt>
      <trkpt lat="49.2098" lon="20.02838">
        <ele>1769.67</ele>
      </trkpt>
      <trkpt lat="49.20977" lon="20.0285">
        <ele>1766.88</ele>
      </trkpt>
      <trkpt lat="49.20979" lon="20.02875">
        <ele>1763.43</ele>
      </trkpt>
      <trkpt lat="49.20977" lon="20.02887">
        <ele>1760.55</ele>
      </trkpt>
      <trkpt lat="49.20972" lon="20.02913">
        <ele>1757.07</ele>
      </trkpt>
      <trkpt lat="49.20971" lon="20.02924">
        <ele>1756.36</ele>
      </trkpt>
      <trkpt lat="49.20975" lon="20.02947">
        <ele>1756.91</ele>
      </trkpt>
      <trkpt lat="49.20974" lon="20.02953">
        <ele>1756.07</ele>
      </trkpt>
      <trkpt lat="49.20977" lon="20.02966">
        <ele>1756.21</ele>
      </trkpt>
      <trkpt lat="49.20976" lon="20.02971">
        <ele>1755.45</ele>
      </trkpt>
      <trkpt lat="49.20972" lon="20.02984">
        <ele>1754.34</ele>
      </trkpt>
      <trkpt lat="49.20972" lon="20.02999">
        <ele>1754.88</ele>
      </trkpt>
      <trkpt lat="49.20972" lon="20.02999">
        <ele>1754.88</ele>
      </trkpt>
      <trkpt lat="49.20976" lon="20.0301">
        <ele>1756.76</ele>
      </trkpt>
      <trkpt lat="49.20981" lon="20.03033">
        <ele>1758.53</ele>
      </trkpt>
      <trkpt lat="49.2099" lon="20.03051">
        <ele>1760.62</ele>
      </trkpt>
      <trkpt lat="49.20992" lon="20.03073">
        <ele>1760.13</ele>
      </trkpt>
      <trkpt lat="49.20989" lon="20.03077">
        <ele>1758.66</ele>
      </trkpt>
      <trkpt lat="49.20987" lon="20.03093">
        <ele>1756.34</ele>
      </trkpt>
      <trkpt lat="49.20991" lon="20.03125">
        <ele>1753.27</ele>
      </trkpt>
      <trkpt lat="49.2099" lon="20.03134">
        <ele>1751.03</ele>
      </trkpt>
      <trkpt lat="49.20991" lon="20.03154">
        <ele>1746.61</ele>
      </trkpt>
      <trkpt lat="49.20994" lon="20.0316">
        <ele>1746.04</ele>
      </trkpt>
      <trkpt lat="49.20999" lon="20.03169">
        <ele>1745.71</ele>
      </trkpt>
      <trkpt lat="49.21008" lon="20.03203">
        <ele>1748.37</ele>
      </trkpt>
      <trkpt lat="49.21012" lon="20.03207">
        <ele>1749.46</ele>
      </trkpt>
      <trkpt lat="49.21014" lon="20.0322">
        <ele>1748.78</ele>
      </trkpt>
      <trkpt lat="49.21019" lon="20.03232">
        <ele>1749.1</ele>
      </trkpt>
      <trkpt lat="49.21017" lon="20.0325">
        <ele>1746.51</ele>
      </trkpt>
      <trkpt lat="49.21018" lon="20.03258">
        <ele>1746.07</ele>
      </trkpt>
      <trkpt lat="49.21014" lon="20.03299">
        <ele>1741.13</ele>
      </trkpt>
      <trkpt lat="49.21015" lon="20.03308">
        <ele>1740.68</ele>
      </trkpt>
      <trkpt lat="49.21021" lon="20.0332">
        <ele>1741.76</ele>
      </trkpt>
      <trkpt lat="49.21022" lon="20.0333">
        <ele>1741.37</ele>
      </trkpt>
      <trkpt lat="49.2102" lon="20.03341">
        <ele>1740.01</ele>
      </trkpt>
      <trkpt lat="49.2102" lon="20.03361">
        <ele>1738.77</ele>
      </trkpt>
      <trkpt lat="49.21022" lon="20.03369">
        <ele>1738.93</ele>
      </trkpt>
      <trkpt lat="49.21024" lon="20.03382">
        <ele>1738.96</ele>
      </trkpt>
      <trkpt lat="49.21021" lon="20.03386">
        <ele>1737.71</ele>
      </trkpt>
      <trkpt lat="49.21027" lon="20.0341">
        <ele>1739.68</ele>
      </trkpt>
      <trkpt lat="49.2103" lon="20.0343">
        <ele>1738.04</ele>
      </trkpt>
      <trkpt lat="49.21042" lon="20.03477">
        <ele>1733.52</ele>
      </trkpt>
      <trkpt lat="49.21045" lon="20.03497">
        <ele>1732.19</ele>
      </trkpt>
      <trkpt lat="49.21053" lon="20.03506">
        <ele>1734.6</ele>
      </trkpt>
      <trkpt lat="49.2106" lon="20.03528">
        <ele>1734.62</ele>
      </trkpt>
      <trkpt lat="49.21062" lon="20.0354">
        <ele>1733.61</ele>
      </trkpt>
      <trkpt lat="49.21067" lon="20.03555">
        <ele>1732.71</ele>
      </trkpt>
      <trkpt lat="49.21074" lon="20.03565">
        <ele>1733.31</ele>
      </trkpt>
      <trkpt lat="49.2108" lon="20.03577">
        <ele>1734.74</ele>
      </trkpt>
      <trkpt lat="49.21102" lon="20.03628">
        <ele>1725.48</ele>
      </trkpt>
      <trkpt lat="49.21108" lon="20.03637">
        <ele>1726.21</ele>
      </trkpt>
      <trkpt lat="49.21115" lon="20.03665">
        <ele>1725.04</ele>
      </trkpt>
      <trkpt lat="49.21128" lon="20.037">
        <ele>1722.24</ele>
      </trkpt>
      <trkpt lat="49.21134" lon="20.03704">
        <ele>1722.74</ele>
      </trkpt>
      <trkpt lat="49.21142" lon="20.03717">
        <ele>1722.56</ele>
      </trkpt>
      <trkpt lat="49.21157" lon="20.03763">
        <ele>1720.02</ele>
      </trkpt>
      <trkpt lat="49.2116" lon="20.03777">
        <ele>1719.12</ele>
      </trkpt>
      <trkpt lat="49.21168" lon="20.03798">
        <ele>1717.16</ele>
      </trkpt>
      <trkpt lat="49.2119" lon="20.03871">
        <ele>1712.19</ele>
      </trkpt>
      <trkpt lat="49.21212" lon="20.03918">
        <ele>1714.76</ele>
      </trkpt>
      <trkpt lat="49.21258" lon="20.03965">
        <ele>1722.35</ele>
      </trkpt>
      <trkpt lat="49.21263" lon="20.0399">
        <ele>1720.89</ele>
      </trkpt>
      <trkpt lat="49.21264" lon="20.03998">
        <ele>1720.57</ele>
      </trkpt>
      <trkpt lat="49.21264" lon="20.04008">
        <ele>1720.07</ele>
      </trkpt>
      <trkpt lat="49.21265" lon="20.04016">
        <ele>1719.62</ele>
      </trkpt>
      <trkpt lat="49.21265" lon="20.04024">
        <ele>1719.2</ele>
      </trkpt>
      <trkpt lat="49.21255" lon="20.04044">
        <ele>1717.83</ele>
      </trkpt>
      <trkpt lat="49.21253" lon="20.04049">
        <ele>1717.47</ele>
      </trkpt>
      <trkpt lat="49.21248" lon="20.04054">
        <ele>1717.1</ele>
      </trkpt>
      <trkpt lat="49.21245" lon="20.0406">
        <ele>1716.13</ele>
      </trkpt>
      <trkpt lat="49.21239" lon="20.0406">
        <ele>1715.85</ele>
      </trkpt>
      <trkpt lat="49.21233" lon="20.04062">
        <ele>1714.94</ele>
      </trkpt>
      <trkpt lat="49.21221" lon="20.04064">
        <ele>1712.09</ele>
      </trkpt>
      <trkpt lat="49.21213" lon="20.04077">
        <ele>1698.36</ele>
      </trkpt>
      <trkpt lat="49.21215" lon="20.04087">
        <ele>1696.08</ele>
      </trkpt>
      <trkpt lat="49.2122" lon="20.04096">
        <ele>1696.28</ele>
      </trkpt>
      <trkpt lat="49.21224" lon="20.04123">
        <ele>1687.17</ele>
      </trkpt>
      <trkpt lat="49.21228" lon="20.04131">
        <ele>1687.8</ele>
      </trkpt>
      <trkpt lat="49.21232" lon="20.04134">
        <ele>1690.31</ele>
      </trkpt>
      <trkpt lat="49.21237" lon="20.04141">
        <ele>1692.75</ele>
      </trkpt>
      <trkpt lat="49.2124" lon="20.04153">
        <ele>1692.02</ele>
      </trkpt>
      <trkpt lat="49.21246" lon="20.04155">
        <ele>1696.1</ele>
      </trkpt>
      <trkpt lat="49.21248" lon="20.04159">
        <ele>1696.27</ele>
      </trkpt>
      <trkpt lat="49.2125" lon="20.04165">
        <ele>1695.6</ele>
      </trkpt>
      <trkpt lat="49.21252" lon="20.04171">
        <ele>1694.68</ele>
      </trkpt>
      <trkpt lat="49.21252" lon="20.04174">
        <ele>1694.01</ele>
      </trkpt>
      <trkpt lat="49.2125" lon="20.04177">
        <ele>1692.77</ele>
      </trkpt>
      <trkpt lat="49.21254" lon="20.04191">
        <ele>1690.66</ele>
      </trkpt>
      <trkpt lat="49.21253" lon="20.04195">
        <ele>1689.56</ele>
      </trkpt>
      <trkpt lat="49.21255" lon="20.04201">
        <ele>1689.05</ele>
      </trkpt>
      <trkpt lat="49.21254" lon="20.04215">
        <ele>1686.69</ele>
      </trkpt>
      <trkpt lat="49.21252" lon="20.04219">
        <ele>1685.77</ele>
      </trkpt>
      <trkpt lat="49.21247" lon="20.04222">
        <ele>1684.6</ele>
      </trkpt>
      <trkpt lat="49.21233" lon="20.04234">
        <ele>1680.95</ele>
      </trkpt>
      <trkpt lat="49.21227" lon="20.04236">
        <ele>1680.03</ele>
      </trkpt>
      <trkpt lat="49.21224" lon="20.04241">
        <ele>1679.14</ele>
      </trkpt>
      <trkpt lat="49.21221" lon="20.04251">
        <ele>1677.61</ele>
      </trkpt>
      <trkpt lat="49.21217" lon="20.04256">
        <ele>1676.47</ele>
      </trkpt>
      <trkpt lat="49.21209" lon="20.04281">
        <ele>1675.88</ele>
      </trkpt>
      <trkpt lat="49.21201" lon="20.043">
        <ele>1678.08</ele>
      </trkpt>
      <trkpt lat="49.21199" lon="20.04309">
        <ele>1679.22</ele>
      </trkpt>
      <trkpt lat="49.21197" lon="20.04336">
        <ele>1678.91</ele>
      </trkpt>
      <trkpt lat="49.21194" lon="20.04348">
        <ele>1680.45</ele>
      </trkpt>
      <trkpt lat="49.21191" lon="20.04355">
        <ele>1680.0</ele>
      </trkpt>
      <trkpt lat="49.2119" lon="20.04362">
        <ele>1679.65</ele>
      </trkpt>
      <trkpt lat="49.21188" lon="20.0437">
        <ele>1676.53</ele>
      </trkpt>
      <trkpt lat="49.21185" lon="20.04405">
        <ele>1675.36</ele>
      </trkpt>
      <trkpt lat="49.21182" lon="20.0442">
        <ele>1676.21</ele>
      </trkpt>
      <trkpt lat="49.21182" lon="20.0443">
        <ele>1675.38</ele>
      </trkpt>
      <trkpt lat="49.21184" lon="20.04451">
        <ele>1673.76</ele>
      </trkpt>
      <trkpt lat="49.21184" lon="20.04462">
        <ele>1671.49</ele>
      </trkpt>
      <trkpt lat="49.21186" lon="20.0447">
        <ele>1669.84</ele>
      </trkpt>
      <trkpt lat="49.21185" lon="20.04476">
        <ele>1669.43</ele>
      </trkpt>
      <trkpt lat="49.21186" lon="20.04485">
        <ele>1669.58</ele>
      </trkpt>
      <trkpt lat="49.2119" lon="20.04498">
        <ele>1669.46</ele>
      </trkpt>
      <trkpt lat="49.21199" lon="20.04509">
        <ele>1672.28</ele>
      </trkpt>
      <trkpt lat="49.21203" lon="20.04521">
        <ele>1674.8</ele>
      </trkpt>
      <trkpt lat="49.21207" lon="20.04526">
        <ele>1676.5</ele>
      </trkpt>
      <trkpt lat="49.21213" lon="20.04544">
        <ele>1680.04</ele>
      </trkpt>
      <trkpt lat="49.21222" lon="20.04572">
        <ele>1681.78</ele>
      </trkpt>
      <trkpt lat="49.21222" lon="20.04581">
        <ele>1681.13</ele>
      </trkpt>
      <trkpt lat="49.21223" lon="20.04593">
        <ele>1678.52</ele>
      </trkpt>
      <trkpt lat="49.21222" lon="20.04608">
        <ele>1673.91</ele>
      </trkpt>
      <trkpt lat="49.21223" lon="20.04623">
        <ele>1672.63</ele>
      </trkpt>
      <trkpt lat="49.21225" lon="20.04636">
        <ele>1673.08</ele>
      </trkpt>
      <trkpt lat="49.21225" lon="20.0465">
        <ele>1672.94</ele>
      </trkpt>
      <trkpt lat="49.21232" lon="20.04684">
        <ele>1675.27</ele>
      </trkpt>
      <trkpt lat="49.21238" lon="20.04694">
        <ele>1676.43</ele>
      </trkpt>
      <trkpt lat="49.21254" lon="20.04711">
        <ele>1678.27</ele>
      </trkpt>
      <trkpt lat="49.21265" lon="20.04733">
        <ele>1678.77</ele>
      </trkpt>
      <trkpt lat="49.21284" lon="20.04757">
        <ele>1682.54</ele>
      </trkpt>
      <trkpt lat="49.21299" lon="20.04775">
        <ele>1686.21</ele>
      </trkpt>
      <trkpt lat="49.2131" lon="20.04791">
        <ele>1687.04</ele>
      </trkpt>
      <trkpt lat="49.21316" lon="20.04798">
        <ele>1686.72</ele>
      </trkpt>
      <trkpt lat="49.21322" lon="20.04808">
        <ele>1686.43</ele>
      </trkpt>
      <trkpt lat="49.21332" lon="20.04817">
        <ele>1686.5</ele>
      </trkpt>
      <trkpt lat="49.2135" lon="20.04826">
        <ele>1685.35</ele>
      </trkpt>
      <trkpt lat="49.21354" lon="20.04831">
        <ele>1685.22</ele>
      </trkpt>
      <trkpt lat="49.21358" lon="20.04841">
        <ele>1684.93</ele>
      </trkpt>
      <trkpt lat="49.21358" lon="20.04849">
        <ele>1684.73</ele>
      </trkpt>
      <trkpt lat="49.21364" lon="20.04846">
        <ele>1685.04</ele>
      </trkpt>
      <trkpt lat="49.21374" lon="20.04848">
        <ele>1685.27</ele>
      </trkpt>
      <trkpt lat="49.21378" lon="20.04853">
        <ele>1685.68</ele>
      </trkpt>
      <trkpt lat="49.21383" lon="20.04862">
        <ele>1686.55</ele>
      </trkpt>
      <trkpt lat="49.21388" lon="20.0487">
        <ele>1686.63</ele>
      </trkpt>
      <trkpt lat="49.21392" lon="20.04873">
        <ele>1686.28</ele>
      </trkpt>
      <trkpt lat="49.21382" lon="20.04872">
        <ele>1686.21</ele>
      </trkpt>
      <trkpt lat="49.21372" lon="20.04875">
        <ele>1685.59</ele>
      </trkpt>
      <trkpt lat="49.21366" lon="20.04879">
        <ele>1685.24</ele>
      </trkpt>
      <trkpt lat="49.21366" lon="20.04879">
        <ele>1685.24</ele>
      </trkpt>
      <trkpt lat="49.21367" lon="20.04878">
        <ele>1685.3</ele>
      </trkpt>
    </trkseg>
  </trk>
  <trk>
    <name><![CDATA[Custom route — Tatry Wysokie: Palenica Białczańska - Kuźnice]]></name>
    <src>AllTrails</src>
    <trkseg>
      <trkpt lat="49.21363" lon="20.04882">
        <ele>1685.08</ele>
      </trkpt>
      <trkpt lat="49.21372" lon="20.04875">
        <ele>1685.59</ele>
      </trkpt>
      <trkpt lat="49.21382" lon="20.04872">
        <ele>1686.21</ele>
      </trkpt>
      <trkpt lat="49.21392" lon="20.04873">
        <ele>1686.28</ele>
      </trkpt>
      <trkpt lat="49.214" lon="20.04877">
        <ele>1685.46</ele>
      </trkpt>
      <trkpt lat="49.21412" lon="20.04905">
        <ele>1683.85</ele>
      </trkpt>
      <trkpt lat="49.21417" lon="20.04909">
        <ele>1683.98</ele>
      </trkpt>
      <trkpt lat="49.21417" lon="20.04918">
        <ele>1683.9</ele>
      </trkpt>
      <trkpt lat="49.21427" lon="20.04944">
        <ele>1682.03</ele>
      </trkpt>
      <trkpt lat="49.21435" lon="20.04955">
        <ele>1681.36</ele>
      </trkpt>
      <trkpt lat="49.21437" lon="20.04965">
        <ele>1680.86</ele>
      </trkpt>
      <trkpt lat="49.21446" lon="20.04981">
        <ele>1679.17</ele>
      </trkpt>
      <trkpt lat="49.21451" lon="20.04999">
        <ele>1674.56</ele>
      </trkpt>
      <trkpt lat="49.21457" lon="20.05003">
        <ele>1671.25</ele>
      </trkpt>
      <trkpt lat="49.21465" lon="20.05023">
        <ele>1668.31</ele>
      </trkpt>
      <trkpt lat="49.21476" lon="20.0503">
        <ele>1663.55</ele>
      </trkpt>
      <trkpt lat="49.21482" lon="20.05045">
        <ele>1662.16</ele>
      </trkpt>
      <trkpt lat="49.21482" lon="20.05053">
        <ele>1663.97</ele>
      </trkpt>
      <trkpt lat="49.21488" lon="20.05063">
        <ele>1662.82</ele>
      </trkpt>
      <trkpt lat="49.21495" lon="20.05084">
        <ele>1664.1</ele>
      </trkpt>
      <trkpt lat="49.21499" lon="20.051">
        <ele>1663.82</ele>
      </trkpt>
      <trkpt lat="49.21508" lon="20.05122">
        <ele>1662.11</ele>
      </trkpt>
      <trkpt lat="49.21512" lon="20.05145">
        <ele>1665.87</ele>
      </trkpt>
      <trkpt lat="49.21513" lon="20.05157">
        <ele>1668.16</ele>
      </trkpt>
      <trkpt lat="49.21515" lon="20.05167">
        <ele>1669.28</ele>
      </trkpt>
      <trkpt lat="49.21519" lon="20.05185">
        <ele>1666.93</ele>
      </trkpt>
      <trkpt lat="49.21519" lon="20.05198">
        <ele>1666.8</ele>
      </trkpt>
      <trkpt lat="49.21527" lon="20.0523">
        <ele>1659.07</ele>
      </trkpt>
      <trkpt lat="49.21529" lon="20.05253">
        <ele>1653.15</ele>
      </trkpt>
      <trkpt lat="49.21544" lon="20.05281">
        <ele>1629.65</ele>
      </trkpt>
      <trkpt lat="49.21546" lon="20.05281">
        <ele>1627.15</ele>
      </trkpt>
      <trkpt lat="49.21548" lon="20.05263">
        <ele>1628.81</ele>
      </trkpt>
      <trkpt lat="49.21548" lon="20.05256">
        <ele>1630.37</ele>
      </trkpt>
      <trkpt lat="49.2155" lon="20.05253">
        <ele>1628.71</ele>
      </trkpt>
      <trkpt lat="49.21552" lon="20.05257">
        <ele>1625.43</ele>
      </trkpt>
      <trkpt lat="49.21555" lon="20.05258">
        <ele>1621.64</ele>
      </trkpt>
      <trkpt lat="49.21557" lon="20.05256">
        <ele>1619.95</ele>
      </trkpt>
      <trkpt lat="49.21556" lon="20.05251">
        <ele>1622.26</ele>
      </trkpt>
      <trkpt lat="49.21558" lon="20.05251">
        <ele>1620.04</ele>
      </trkpt>
      <trkpt lat="49.21561" lon="20.05257">
        <ele>1615.51</ele>
      </trkpt>
      <trkpt lat="49.21562" lon="20.05258">
        <ele>1614.26</ele>
      </trkpt>
      <trkpt lat="49.21563" lon="20.05252">
        <ele>1614.32</ele>
      </trkpt>
      <trkpt lat="49.21565" lon="20.05248">
        <ele>1612.82</ele>
      </trkpt>
      <trkpt lat="49.21567" lon="20.05238">
        <ele>1612.29</ele>
      </trkpt>
      <trkpt lat="49.21573" lon="20.05233">
        <ele>1606.05</ele>
      </trkpt>
      <trkpt lat="49.21576" lon="20.05228">
        <ele>1603.19</ele>
      </trkpt>
      <trkpt lat="49.21581" lon="20.05228">
        <ele>1597.18</ele>
      </trkpt>
      <trkpt lat="49.21584" lon="20.05223">
        <ele>1594.25</ele>
      </trkpt>
      <trkpt lat="49.21588" lon="20.05194">
        <ele>1586.87</ele>
      </trkpt>
      <trkpt lat="49.21592" lon="20.05194">
        <ele>1581.68</ele>
      </trkpt>
      <trkpt lat="49.21605" lon="20.05202">
        <ele>1567.16</ele>
      </trkpt>
      <trkpt lat="49.21606" lon="20.05199">
        <ele>1565.02</ele>
      </trkpt>
      <trkpt lat="49.21607" lon="20.0519">
        <ele>1561.01</ele>
      </trkpt>
      <trkpt lat="49.21607" lon="20.05184">
        <ele>1559.22</ele>
      </trkpt>
      <trkpt lat="49.21601" lon="20.05155">
        <ele>1559.45</ele>
      </trkpt>
      <trkpt lat="49.21604" lon="20.05151">
        <ele>1553.71</ele>
      </trkpt>
      <trkpt lat="49.21624" lon="20.0516">
        <ele>1536.47</ele>
      </trkpt>
      <trkpt lat="49.21628" lon="20.05163">
        <ele>1534.86</ele>
      </trkpt>
      <trkpt lat="49.21639" lon="20.05175">
        <ele>1531.91</ele>
      </trkpt>
      <trkpt lat="49.21643" lon="20.05177">
        <ele>1529.33</ele>
      </trkpt>
      <trkpt lat="49.21645" lon="20.05175">
        <ele>1526.92</ele>
      </trkpt>
      <trkpt lat="49.21644" lon="20.05164">
        <ele>1523.26</ele>
      </trkpt>
      <trkpt lat="49.21646" lon="20.05158">
        <ele>1518.57</ele>
      </trkpt>
      <trkpt lat="49.21646" lon="20.0515">
        <ele>1514.61</ele>
      </trkpt>
      <trkpt lat="49.21647" lon="20.05148">
        <ele>1512.78</ele>
      </trkpt>
      <trkpt lat="49.21651" lon="20.05152">
        <ele>1511.37</ele>
      </trkpt>
      <trkpt lat="49.21657" lon="20.05154">
        <ele>1507.27</ele>
      </trkpt>
      <trkpt lat="49.21657" lon="20.05136">
        <ele>1498.54</ele>
      </trkpt>
      <trkpt lat="49.21658" lon="20.05132">
        <ele>1495.74</ele>
      </trkpt>
      <trkpt lat="49.2166" lon="20.05131">
        <ele>1493.7</ele>
      </trkpt>
      <trkpt lat="49.21664" lon="20.05133">
        <ele>1491.54</ele>
      </trkpt>
      <trkpt lat="49.21674" lon="20.0514">
        <ele>1488.59</ele>
      </trkpt>
      <trkpt lat="49.21681" lon="20.05149">
        <ele>1489.56</ele>
      </trkpt>
      <trkpt lat="49.21683" lon="20.05153">
        <ele>1490.68</ele>
      </trkpt>
      <trkpt lat="49.21684" lon="20.05152">
        <ele>1489.66</ele>
      </trkpt>
      <trkpt lat="49.21685" lon="20.05143">
        <ele>1484.32</ele>
      </trkpt>
      <trkpt lat="49.21686" lon="20.05142">
        <ele>1483.25</ele>
      </trkpt>
      <trkpt lat="49.21691" lon="20.05149">
        <ele>1484.55</ele>
      </trkpt>
      <trkpt lat="49.21693" lon="20.05148">
        <ele>1482.98</ele>
      </trkpt>
      <trkpt lat="49.21693" lon="20.05132">
        <ele>1475.51</ele>
      </trkpt>
      <trkpt lat="49.21695" lon="20.05131">
        <ele>1474.28</ele>
      </trkpt>
      <trkpt lat="49.21701" lon="20.0514">
        <ele>1475.71</ele>
      </trkpt>
      <trkpt lat="49.21703" lon="20.0514">
        <ele>1475.13</ele>
      </trkpt>
      <trkpt lat="49.21704" lon="20.05112">
        <ele>1465.54</ele>
      </trkpt>
      <trkpt lat="49.21705" lon="20.05112">
        <ele>1465.25</ele>
      </trkpt>
      <trkpt lat="49.21712" lon="20.05122">
        <ele>1466.47</ele>
      </trkpt>
      <trkpt lat="49.21714" lon="20.05124">
        <ele>1466.54</ele>
      </trkpt>
      <trkpt lat="49.21716" lon="20.05123">
        <ele>1465.64</ele>
      </trkpt>
      <trkpt lat="49.21716" lon="20.05116">
        <ele>1463.38</ele>
      </trkpt>
      <trkpt lat="49.21722" lon="20.0511">
        <ele>1459.9</ele>
      </trkpt>
      <trkpt lat="49.21725" lon="20.05111">
        <ele>1459.39</ele>
      </trkpt>
      <trkpt lat="49.21732" lon="20.05121">
        <ele>1460.09</ele>
      </trkpt>
      <trkpt lat="49.21736" lon="20.05121">
        <ele>1458.82</ele>
      </trkpt>
      <trkpt lat="49.21739" lon="20.05124">
        <ele>1458.31</ele>
      </trkpt>
      <trkpt lat="49.21745" lon="20.05136">
        <ele>1457.27</ele>
      </trkpt>
      <trkpt lat="49.21748" lon="20.05138">
        <ele>1455.96</ele>
      </trkpt>
      <trkpt lat="49.21758" lon="20.05136">
        <ele>1451.99</ele>
      </trkpt>
      <trkpt lat="49.2176" lon="20.05132">
        <ele>1451.06</ele>
      </trkpt>
      <trkpt lat="49.21764" lon="20.05131">
        <ele>1449.53</ele>
      </trkpt>
      <trkpt lat="49.21773" lon="20.05138">
        <ele>1446.66</ele>
      </trkpt>
      <trkpt lat="49.21774" lon="20.05135">
        <ele>1446.1</ele>
      </trkpt>
      <trkpt lat="49.21777" lon="20.05134">
        <ele>1444.93</ele>
      </trkpt>
      <trkpt lat="49.2178" lon="20.05138">
        <ele>1443.57</ele>
      </trkpt>
      <trkpt lat="49.21783" lon="20.05134">
        <ele>1441.35</ele>
      </trkpt>
      <trkpt lat="49.21787" lon="20.05132">
        <ele>1438.61</ele>
      </trkpt>
      <trkpt lat="49.21792" lon="20.05133">
        <ele>1435.55</ele>
      </trkpt>
      <trkpt lat="49.218" lon="20.05139">
        <ele>1431.42</ele>
      </trkpt>
      <trkpt lat="49.21812" lon="20.05141">
        <ele>1427.65</ele>
      </trkpt>
      <trkpt lat="49.21814" lon="20.05136">
        <ele>1426.73</ele>
      </trkpt>
      <trkpt lat="49.21818" lon="20.05131">
        <ele>1425.87</ele>
      </trkpt>
      <trkpt lat="49.2182" lon="20.05116">
        <ele>1424.46</ele>
      </trkpt>
      <trkpt lat="49.21837" lon="20.05143">
        <ele>1424.21</ele>
      </trkpt>
      <trkpt lat="49.21847" lon="20.05149">
        <ele>1422.05</ele>
      </trkpt>
      <trkpt lat="49.2185" lon="20.05158">
        <ele>1421.4</ele>
      </trkpt>
      <trkpt lat="49.21851" lon="20.05168">
        <ele>1421.22</ele>
      </trkpt>
      <trkpt lat="49.21855" lon="20.05171">
        <ele>1420.34</ele>
      </trkpt>
      <trkpt lat="49.21862" lon="20.05173">
        <ele>1418.72</ele>
      </trkpt>
      <trkpt lat="49.21866" lon="20.05179">
        <ele>1418.15</ele>
      </trkpt>
      <trkpt lat="49.21869" lon="20.05191">
        <ele>1417.09</ele>
      </trkpt>
      <trkpt lat="49.21873" lon="20.05197">
        <ele>1416.14</ele>
      </trkpt>
      <trkpt lat="49.21876" lon="20.05203">
        <ele>1415.41</ele>
      </trkpt>
      <trkpt lat="49.21878" lon="20.05215">
        <ele>1414.54</ele>
      </trkpt>
      <trkpt lat="49.21883" lon="20.05238">
        <ele>1409.69</ele>
      </trkpt>
      <trkpt lat="49.21908" lon="20.0529">
        <ele>1398.24</ele>
      </trkpt>
      <trkpt lat="49.21912" lon="20.05299">
        <ele>1397.34</ele>
      </trkpt>
      <trkpt lat="49.21915" lon="20.05316">
        <ele>1394.18</ele>
      </trkpt>
      <trkpt lat="49.21914" lon="20.05334">
        <ele>1389.96</ele>
      </trkpt>
      <trkpt lat="49.21915" lon="20.05348">
        <ele>1389.07</ele>
      </trkpt>
      <trkpt lat="49.21919" lon="20.05375">
        <ele>1387.08</ele>
      </trkpt>
      <trkpt lat="49.21927" lon="20.05402">
        <ele>1385.1</ele>
      </trkpt>
      <trkpt lat="49.21934" lon="20.05438">
        <ele>1381.97</ele>
      </trkpt>
      <trkpt lat="49.21932" lon="20.05455">
        <ele>1381.41</ele>
      </trkpt>
      <trkpt lat="49.21928" lon="20.05471">
        <ele>1381.41</ele>
      </trkpt>
      <trkpt lat="49.2193" lon="20.05484">
        <ele>1380.05</ele>
      </trkpt>
      <trkpt lat="49.21926" lon="20.05506">
        <ele>1380.66</ele>
      </trkpt>
      <trkpt lat="49.21924" lon="20.05536">
        <ele>1386.01</ele>
      </trkpt>
      <trkpt lat="49.21921" lon="20.05545">
        <ele>1387.9</ele>
      </trkpt>
      <trkpt lat="49.21922" lon="20.05555">
        <ele>1388.97</ele>
      </trkpt>
      <trkpt lat="49.21927" lon="20.05561">
        <ele>1387.68</ele>
      </trkpt>
      <trkpt lat="49.21931" lon="20.0557">
        <ele>1385.53</ele>
      </trkpt>
      <trkpt lat="49.2194" lon="20.05577">
        <ele>1380.74</ele>
      </trkpt>
      <trkpt lat="49.21943" lon="20.05581">
        <ele>1378.36</ele>
      </trkpt>
      <trkpt lat="49.21946" lon="20.05591">
        <ele>1376.67</ele>
      </trkpt>
      <trkpt lat="49.21959" lon="20.05618">
        <ele>1372.65</ele>
      </trkpt>
      <trkpt lat="49.21969" lon="20.05633">
        <ele>1368.02</ele>
      </trkpt>
      <trkpt lat="49.21974" lon="20.05656">
        <ele>1361.87</ele>
      </trkpt>
      <trkpt lat="49.21978" lon="20.05675">
        <ele>1359.4</ele>
      </trkpt>
      <trkpt lat="49.21983" lon="20.05691">
        <ele>1358.17</ele>
      </trkpt>
      <trkpt lat="49.21985" lon="20.05709">
        <ele>1355.85</ele>
      </trkpt>
      <trkpt lat="49.2199" lon="20.05731">
        <ele>1352.01</ele>
      </trkpt>
      <trkpt lat="49.21995" lon="20.05744">
        <ele>1349.09</ele>
      </trkpt>
      <trkpt lat="49.21997" lon="20.05768">
        <ele>1347.76</ele>
      </trkpt>
      <trkpt lat="49.22003" lon="20.05806">
        <ele>1344.09</ele>
      </trkpt>
      <trkpt lat="49.22012" lon="20.05823">
        <ele>1342.72</ele>
      </trkpt>
      <trkpt lat="49.22016" lon="20.05858">
        <ele>1340.87</ele>
      </trkpt>
      <trkpt lat="49.22009" lon="20.05879">
        <ele>1341.8</ele>
      </trkpt>
      <trkpt lat="49.22007" lon="20.05896">
        <ele>1341.16</ele>
      </trkpt>
      <trkpt lat="49.22005" lon="20.05935">
        <ele>1339.8</ele>
      </trkpt>
      <trkpt lat="49.22005" lon="20.05965">
        <ele>1339.34</ele>
      </trkpt>
      <trkpt lat="49.22004" lon="20.0599">
        <ele>1338.0</ele>
      </trkpt>
      <trkpt lat="49.22007" lon="20.0602">
        <ele>1333.03</ele>
      </trkpt>
      <trkpt lat="49.22009" lon="20.06046">
        <ele>1328.74</ele>
      </trkpt>
      <trkpt lat="49.22014" lon="20.06064">
        <ele>1324.44</ele>
      </trkpt>
      <trkpt lat="49.2202" lon="20.06083">
        <ele>1322.06</ele>
      </trkpt>
      <trkpt lat="49.22027" lon="20.06098">
        <ele>1319.84</ele>
      </trkpt>
      <trkpt lat="49.22035" lon="20.06138">
        <ele>1318.94</ele>
      </trkpt>
      <trkpt lat="49.22055" lon="20.0619">
        <ele>1319.83</ele>
      </trkpt>
      <trkpt lat="49.22063" lon="20.06221">
        <ele>1314.2</ele>
      </trkpt>
      <trkpt lat="49.2207" lon="20.06246">
        <ele>1312.96</ele>
      </trkpt>
      <trkpt lat="49.22071" lon="20.06271">
        <ele>1309.92</ele>
      </trkpt>
      <trkpt lat="49.22075" lon="20.06305">
        <ele>1304.66</ele>
      </trkpt>
      <trkpt lat="49.22082" lon="20.06311">
        <ele>1303.87</ele>
      </trkpt>
      <trkpt lat="49.22092" lon="20.06315">
        <ele>1302.72</ele>
      </trkpt>
      <trkpt lat="49.221" lon="20.06309">
        <ele>1302.08</ele>
      </trkpt>
      <trkpt lat="49.22104" lon="20.06302">
        <ele>1301.9</ele>
      </trkpt>
      <trkpt lat="49.22108" lon="20.06278">
        <ele>1302.33</ele>
      </trkpt>
      <trkpt lat="49.22116" lon="20.06262">
        <ele>1302.04</ele>
      </trkpt>
      <trkpt lat="49.22123" lon="20.06254">
        <ele>1301.57</ele>
      </trkpt>
      <trkpt lat="49.22158" lon="20.06264">
        <ele>1307.39</ele>
      </trkpt>
      <trkpt lat="49.22174" lon="20.06271">
        <ele>1309.47</ele>
      </trkpt>
      <trkpt lat="49.22183" lon="20.06287">
        <ele>1304.68</ele>
      </trkpt>
      <trkpt lat="49.22199" lon="20.06359">
        <ele>1290.73</ele>
      </trkpt>
      <trkpt lat="49.22206" lon="20.06376">
        <ele>1290.94</ele>
      </trkpt>
      <trkpt lat="49.2221" lon="20.06393">
        <ele>1291.61</ele>
      </trkpt>
      <trkpt lat="49.22211" lon="20.06412">
        <ele>1294.53</ele>
      </trkpt>
      <trkpt lat="49.22214" lon="20.06431">
        <ele>1292.77</ele>
      </trkpt>
      <trkpt lat="49.2222" lon="20.06463">
        <ele>1286.94</ele>
      </trkpt>
      <trkpt lat="49.22222" lon="20.0649">
        <ele>1287.57</ele>
      </trkpt>
      <trkpt lat="49.22228" lon="20.06522">
        <ele>1295.2</ele>
      </trkpt>
      <trkpt lat="49.22235" lon="20.06544">
        <ele>1299.96</ele>
      </trkpt>
      <trkpt lat="49.22245" lon="20.06558">
        <ele>1304.02</ele>
      </trkpt>
      <trkpt lat="49.22258" lon="20.06595">
        <ele>1302.15</ele>
      </trkpt>
      <trkpt lat="49.2226" lon="20.06616">
        <ele>1298.82</ele>
      </trkpt>
      <trkpt lat="49.2227" lon="20.06652">
        <ele>1288.95</ele>
      </trkpt>
      <trkpt lat="49.22287" lon="20.06686">
        <ele>1285.61</ele>
      </trkpt>
      <trkpt lat="49.22316" lon="20.06767">
        <ele>1280.17</ele>
      </trkpt>
      <trkpt lat="49.22331" lon="20.06769">
        <ele>1277.98</ele>
      </trkpt>
      <trkpt lat="49.22342" lon="20.06769">
        <ele>1278.78</ele>
      </trkpt>
      <trkpt lat="49.22351" lon="20.06778">
        <ele>1278.63</ele>
      </trkpt>
      <trkpt lat="49.22363" lon="20.06783">
        <ele>1279.25</ele>
      </trkpt>
      <trkpt lat="49.2239" lon="20.06824">
        <ele>1281.28</ele>
      </trkpt>
      <trkpt lat="49.22394" lon="20.06828">
        <ele>1282.29</ele>
      </trkpt>
      <trkpt lat="49.22396" lon="20.06841">
        <ele>1282.17</ele>
      </trkpt>
      <trkpt lat="49.22395" lon="20.0685">
        <ele>1281.21</ele>
      </trkpt>
      <trkpt lat="49.22391" lon="20.06863">
        <ele>1279.67</ele>
      </trkpt>
      <trkpt lat="49.22389" lon="20.06872">
        <ele>1280.57</ele>
      </trkpt>
      <trkpt lat="49.22394" lon="20.06881">
        <ele>1281.52</ele>
      </trkpt>
      <trkpt lat="49.22399" lon="20.06901">
        <ele>1279.59</ele>
      </trkpt>
      <trkpt lat="49.22407" lon="20.06918">
        <ele>1276.07</ele>
      </trkpt>
      <trkpt lat="49.2241" lon="20.06956">
        <ele>1268.23</ele>
      </trkpt>
      <trkpt lat="49.22415" lon="20.06986">
        <ele>1263.66</ele>
      </trkpt>
      <trkpt lat="49.22423" lon="20.07007">
        <ele>1265.63</ele>
      </trkpt>
      <trkpt lat="49.22445" lon="20.07039">
        <ele>1271.56</ele>
      </trkpt>
      <trkpt lat="49.22453" lon="20.07069">
        <ele>1274.62</ele>
      </trkpt>
      <trkpt lat="49.22457" lon="20.07096">
        <ele>1274.09</ele>
      </trkpt>
      <trkpt lat="49.22463" lon="20.07142">
        <ele>1268.31</ele>
      </trkpt>
      <trkpt lat="49.22461" lon="20.07153">
        <ele>1268.68</ele>
      </trkpt>
      <trkpt lat="49.22461" lon="20.07164">
        <ele>1269.54</ele>
      </trkpt>
      <trkpt lat="49.22463" lon="20.07183">
        <ele>1270.87</ele>
      </trkpt>
      <trkpt lat="49.22468" lon="20.07188">
        <ele>1271.89</ele>
      </trkpt>
      <trkpt lat="49.2251" lon="20.07215">
        <ele>1258.89</ele>
      </trkpt>
      <trkpt lat="49.22524" lon="20.07239">
        <ele>1257.62</ele>
      </trkpt>
      <trkpt lat="49.22534" lon="20.07262">
        <ele>1259.49</ele>
      </trkpt>
      <trkpt lat="49.22538" lon="20.07286">
        <ele>1257.99</ele>
      </trkpt>
      <trkpt lat="49.22545" lon="20.07311">
        <ele>1257.48</ele>
      </trkpt>
      <trkpt lat="49.22554" lon="20.07338">
        <ele>1260.61</ele>
      </trkpt>
      <trkpt lat="49.22558" lon="20.07345">
        <ele>1263.02</ele>
      </trkpt>
      <trkpt lat="49.22568" lon="20.07351">
        <ele>1268.49</ele>
      </trkpt>
      <trkpt lat="49.2257" lon="20.07359">
        <ele>1269.25</ele>
      </trkpt>
      <trkpt lat="49.22572" lon="20.07372">
        <ele>1269.85</ele>
      </trkpt>
      <trkpt lat="49.22573" lon="20.07402">
        <ele>1269.01</ele>
      </trkpt>
      <trkpt lat="49.22574" lon="20.07418">
        <ele>1267.9</ele>
      </trkpt>
      <trkpt lat="49.22581" lon="20.07443">
        <ele>1267.56</ele>
      </trkpt>
      <trkpt lat="49.22583" lon="20.07463">
        <ele>1265.32</ele>
      </trkpt>
      <trkpt lat="49.22586" lon="20.07476">
        <ele>1264.56</ele>
      </trkpt>
      <trkpt lat="49.22586" lon="20.07503">
        <ele>1264.86</ele>
      </trkpt>
      <trkpt lat="49.22585" lon="20.07537">
        <ele>1263.28</ele>
      </trkpt>
      <trkpt lat="49.22595" lon="20.07567">
        <ele>1262.27</ele>
      </trkpt>
      <trkpt lat="49.22601" lon="20.07583">
        <ele>1254.79</ele>
      </trkpt>
      <trkpt lat="49.22601" lon="20.07594">
        <ele>1251.71</ele>
      </trkpt>
      <trkpt lat="49.2259" lon="20.07619">
        <ele>1248.02</ele>
      </trkpt>
      <trkpt lat="49.22589" lon="20.07635">
        <ele>1241.61</ele>
      </trkpt>
      <trkpt lat="49.22593" lon="20.07671">
        <ele>1226.32</ele>
      </trkpt>
      <trkpt lat="49.22606" lon="20.07698">
        <ele>1223.9</ele>
      </trkpt>
      <trkpt lat="49.2262" lon="20.07712">
        <ele>1224.7</ele>
      </trkpt>
      <trkpt lat="49.22635" lon="20.07718">
        <ele>1226.76</ele>
      </trkpt>
      <trkpt lat="49.22647" lon="20.0774">
        <ele>1226.09</ele>
      </trkpt>
      <trkpt lat="49.2266" lon="20.07761">
        <ele>1226.67</ele>
      </trkpt>
      <trkpt lat="49.22663" lon="20.07768">
        <ele>1226.83</ele>
      </trkpt>
      <trkpt lat="49.22664" lon="20.07779">
        <ele>1226.28</ele>
      </trkpt>
      <trkpt lat="49.22669" lon="20.0779">
        <ele>1227.22</ele>
      </trkpt>
      <trkpt lat="49.22685" lon="20.07797">
        <ele>1231.84</ele>
      </trkpt>
      <trkpt lat="49.22707" lon="20.07804">
        <ele>1234.14</ele>
      </trkpt>
      <trkpt lat="49.22719" lon="20.0782">
        <ele>1233.17</ele>
      </trkpt>
      <trkpt lat="49.22726" lon="20.07834">
        <ele>1233.04</ele>
      </trkpt>
      <trkpt lat="49.22725" lon="20.07852">
        <ele>1234.34</ele>
      </trkpt>
      <trkpt lat="49.22729" lon="20.0788">
        <ele>1232.2</ele>
      </trkpt>
      <trkpt lat="49.22729" lon="20.07893">
        <ele>1231.37</ele>
      </trkpt>
      <trkpt lat="49.22741" lon="20.07929">
        <ele>1224.96</ele>
      </trkpt>
      <trkpt lat="49.22754" lon="20.07954">
        <ele>1214.88</ele>
      </trkpt>
      <trkpt lat="49.22758" lon="20.07985">
        <ele>1207.91</ele>
      </trkpt>
      <trkpt lat="49.22764" lon="20.08014">
        <ele>1202.73</ele>
      </trkpt>
      <trkpt lat="49.22783" lon="20.08054">
        <ele>1199.91</ele>
      </trkpt>
      <trkpt lat="49.2279" lon="20.08072">
        <ele>1197.06</ele>
      </trkpt>
      <trkpt lat="49.22796" lon="20.0808">
        <ele>1194.18</ele>
      </trkpt>
      <trkpt lat="49.22803" lon="20.08085">
        <ele>1190.89</ele>
      </trkpt>
      <trkpt lat="49.22832" lon="20.08092">
        <ele>1184.68</ele>
      </trkpt>
      <trkpt lat="49.2284" lon="20.08099">
        <ele>1183.56</ele>
      </trkpt>
      <trkpt lat="49.22843" lon="20.08118">
        <ele>1182.08</ele>
      </trkpt>
      <trkpt lat="49.22846" lon="20.08146">
        <ele>1182.89</ele>
      </trkpt>
      <trkpt lat="49.22858" lon="20.08168">
        <ele>1184.53</ele>
      </trkpt>
      <trkpt lat="49.22855" lon="20.08176">
        <ele>1183.48</ele>
      </trkpt>
      <trkpt lat="49.22835" lon="20.08186">
        <ele>1181.4</ele>
      </trkpt>
      <trkpt lat="49.22833" lon="20.08193">
        <ele>1181.12</ele>
      </trkpt>
      <trkpt lat="49.22837" lon="20.08204">
        <ele>1180.83</ele>
      </trkpt>
      <trkpt lat="49.22846" lon="20.08218">
        <ele>1180.99</ele>
      </trkpt>
      <trkpt lat="49.22858" lon="20.0823">
        <ele>1181.59</ele>
      </trkpt>
      <trkpt lat="49.22884" lon="20.08233">
        <ele>1175.2</ele>
      </trkpt>
      <trkpt lat="49.22901" lon="20.08237">
        <ele>1173.2</ele>
      </trkpt>
      <trkpt lat="49.22914" lon="20.08241">
        <ele>1172.68</ele>
      </trkpt>
      <trkpt lat="49.22919" lon="20.08246">
        <ele>1172.3</ele>
      </trkpt>
      <trkpt lat="49.22921" lon="20.08256">
        <ele>1171.84</ele>
      </trkpt>
      <trkpt lat="49.22923" lon="20.08265">
        <ele>1171.32</ele>
      </trkpt>
      <trkpt lat="49.22927" lon="20.08274">
        <ele>1170.54</ele>
      </trkpt>
      <trkpt lat="49.22943" lon="20.08283">
        <ele>1168.9</ele>
      </trkpt>
      <trkpt lat="49.22952" lon="20.08295">
        <ele>1168.69</ele>
      </trkpt>
      <trkpt lat="49.22961" lon="20.08303">
        <ele>1168.26</ele>
      </trkpt>
      <trkpt lat="49.22971" lon="20.08319">
        <ele>1171.24</ele>
      </trkpt>
      <trkpt lat="49.22975" lon="20.08331">
        <ele>1175.08</ele>
      </trkpt>
      <trkpt lat="49.2298" lon="20.08337">
        <ele>1176.19</ele>
      </trkpt>
      <trkpt lat="49.22994" lon="20.08347">
        <ele>1175.15</ele>
      </trkpt>
      <trkpt lat="49.23021" lon="20.08362">
        <ele>1175.06</ele>
      </trkpt>
      <trkpt lat="49.23026" lon="20.08368">
        <ele>1176.52</ele>
      </trkpt>
      <trkpt lat="49.23028" lon="20.08376">
        <ele>1177.05</ele>
      </trkpt>
      <trkpt lat="49.23029" lon="20.08394">
        <ele>1177.0</ele>
      </trkpt>
      <trkpt lat="49.23031" lon="20.08403">
        <ele>1177.01</ele>
      </trkpt>
      <trkpt lat="49.23048" lon="20.08414">
        <ele>1179.67</ele>
      </trkpt>
      <trkpt lat="49.23072" lon="20.08421">
        <ele>1182.65</ele>
      </trkpt>
      <trkpt lat="49.23089" lon="20.08416">
        <ele>1183.84</ele>
      </trkpt>
      <trkpt lat="49.23112" lon="20.08426">
        <ele>1183.07</ele>
      </trkpt>
      <trkpt lat="49.23116" lon="20.08432">
        <ele>1183.22</ele>
      </trkpt>
      <trkpt lat="49.23132" lon="20.08437">
        <ele>1183.26</ele>
      </trkpt>
      <trkpt lat="49.23152" lon="20.08447">
        <ele>1178.23</ele>
      </trkpt>
      <trkpt lat="49.23158" lon="20.08473">
        <ele>1172.43</ele>
      </trkpt>
      <trkpt lat="49.23159" lon="20.08482">
        <ele>1170.92</ele>
      </trkpt>
      <trkpt lat="49.2317" lon="20.08512">
        <ele>1165.82</ele>
      </trkpt>
      <trkpt lat="49.2318" lon="20.08525">
        <ele>1163.37</ele>
      </trkpt>
      <trkpt lat="49.23194" lon="20.0854">
        <ele>1163.89</ele>
      </trkpt>
      <trkpt lat="49.23213" lon="20.08555">
        <ele>1159.34</ele>
      </trkpt>
      <trkpt lat="49.23226" lon="20.08574">
        <ele>1162.21</ele>
      </trkpt>
      <trkpt lat="49.23241" lon="20.08592">
        <ele>1160.98</ele>
      </trkpt>
      <trkpt lat="49.23263" lon="20.08609">
        <ele>1155.54</ele>
      </trkpt>
      <trkpt lat="49.23279" lon="20.08625">
        <ele>1153.56</ele>
      </trkpt>
      <trkpt lat="49.23282" lon="20.0863">
        <ele>1153.09</ele>
      </trkpt>
      <trkpt lat="49.23297" lon="20.08643">
        <ele>1148.22</ele>
      </trkpt>
      <trkpt lat="49.23305" lon="20.08653">
        <ele>1145.31</ele>
      </trkpt>
      <trkpt lat="49.23307" lon="20.08662">
        <ele>1145.47</ele>
      </trkpt>
      <trkpt lat="49.23312" lon="20.08667">
        <ele>1145.07</ele>
      </trkpt>
      <trkpt lat="49.23321" lon="20.08659">
        <ele>1143.53</ele>
      </trkpt>
      <trkpt lat="49.23327" lon="20.08657">
        <ele>1142.75</ele>
      </trkpt>
      <trkpt lat="49.23333" lon="20.08658">
        <ele>1142.04</ele>
      </trkpt>
      <trkpt lat="49.2334" lon="20.08663">
        <ele>1138.67</ele>
      </trkpt>
      <trkpt lat="49.23346" lon="20.08672">
        <ele>1134.88</ele>
      </trkpt>
      <trkpt lat="49.23352" lon="20.08688">
        <ele>1130.83</ele>
      </trkpt>
      <trkpt lat="49.23357" lon="20.08701">
        <ele>1129.46</ele>
      </trkpt>
      <trkpt lat="49.23365" lon="20.08715">
        <ele>1126.36</ele>
      </trkpt>
      <trkpt lat="49.23368" lon="20.08724">
        <ele>1125.02</ele>
      </trkpt>
      <trkpt lat="49.2338" lon="20.08738">
        <ele>1120.82</ele>
      </trkpt>
      <trkpt lat="49.23383" lon="20.08747">
        <ele>1120.46</ele>
      </trkpt>
      <trkpt lat="49.23385" lon="20.08757">
        <ele>1118.71</ele>
      </trkpt>
      <trkpt lat="49.23388" lon="20.0876">
        <ele>1116.85</ele>
      </trkpt>
      <trkpt lat="49.2339" lon="20.08766">
        <ele>1114.41</ele>
      </trkpt>
      <trkpt lat="49.23397" lon="20.08779">
        <ele>1107.85</ele>
      </trkpt>
      <trkpt lat="49.23402" lon="20.08762">
        <ele>1109.3</ele>
      </trkpt>
      <trkpt lat="49.23405" lon="20.08754">
        <ele>1109.46</ele>
      </trkpt>
      <trkpt lat="49.2341" lon="20.08745">
        <ele>1108.15</ele>
      </trkpt>
      <trkpt lat="49.23416" lon="20.08738">
        <ele>1106.44</ele>
      </trkpt>
      <trkpt lat="49.23432" lon="20.08728">
        <ele>1109.04</ele>
      </trkpt>
      <trkpt lat="49.23438" lon="20.08726">
        <ele>1110.1</ele>
      </trkpt>
      <trkpt lat="49.23441" lon="20.08726">
        <ele>1110.35</ele>
      </trkpt>
      <trkpt lat="49.23447" lon="20.08729">
        <ele>1109.12</ele>
      </trkpt>
      <trkpt lat="49.23452" lon="20.08737">
        <ele>1106.08</ele>
      </trkpt>
      <trkpt lat="49.2346" lon="20.0876">
        <ele>1102.56</ele>
      </trkpt>
      <trkpt lat="49.23489" lon="20.08858">
        <ele>1096.83</ele>
      </trkpt>
      <trkpt lat="49.23496" lon="20.08879">
        <ele>1094.31</ele>
      </trkpt>
      <trkpt lat="49.23507" lon="20.08905">
        <ele>1089.73</ele>
      </trkpt>
      <trkpt lat="49.23521" lon="20.08929">
        <ele>1090.16</ele>
      </trkpt>
      <trkpt lat="49.2354" lon="20.08957">
        <ele>1090.95</ele>
      </trkpt>
      <trkpt lat="49.23552" lon="20.0897">
        <ele>1092.67</ele>
      </trkpt>
      <trkpt lat="49.23565" lon="20.08978">
        <ele>1093.33</ele>
      </trkpt>
      <trkpt lat="49.23608" lon="20.08998">
        <ele>1094.96</ele>
      </trkpt>
      <trkpt lat="49.23617" lon="20.09003">
        <ele>1098.23</ele>
      </trkpt>
      <trkpt lat="49.23624" lon="20.09009">
        <ele>1101.19</ele>
      </trkpt>
      <trkpt lat="49.23637" lon="20.09024">
        <ele>1103.48</ele>
      </trkpt>
      <trkpt lat="49.23664" lon="20.09067">
        <ele>1104.26</ele>
      </trkpt>
      <trkpt lat="49.23682" lon="20.0909">
        <ele>1103.51</ele>
      </trkpt>
      <trkpt lat="49.23753" lon="20.09162">
        <ele>1107.32</ele>
      </trkpt>
      <trkpt lat="49.23767" lon="20.09174">
        <ele>1103.75</ele>
      </trkpt>
      <trkpt lat="49.23851" lon="20.09235">
        <ele>1087.06</ele>
      </trkpt>
      <trkpt lat="49.23868" lon="20.09244">
        <ele>1087.2</ele>
      </trkpt>
      <trkpt lat="49.23888" lon="20.09247">
        <ele>1088.87</ele>
      </trkpt>
      <trkpt lat="49.23953" lon="20.0925">
        <ele>1103.46</ele>
      </trkpt>
      <trkpt lat="49.23967" lon="20.09251">
        <ele>1100.55</ele>
      </trkpt>
      <trkpt lat="49.23979" lon="20.09254">
        <ele>1096.99</ele>
      </trkpt>
      <trkpt lat="49.24038" lon="20.09274">
        <ele>1078.92</ele>
      </trkpt>
      <trkpt lat="49.24105" lon="20.09286">
        <ele>1078.16</ele>
      </trkpt>
      <trkpt lat="49.24119" lon="20.09291">
        <ele>1075.63</ele>
      </trkpt>
      <trkpt lat="49.24246" lon="20.09345">
        <ele>1062.25</ele>
      </trkpt>
      <trkpt lat="49.24293" lon="20.09357">
        <ele>1061.06</ele>
      </trkpt>
      <trkpt lat="49.24346" lon="20.09368">
        <ele>1045.51</ele>
      </trkpt>
      <trkpt lat="49.24413" lon="20.09377">
        <ele>1055.53</ele>
      </trkpt>
      <trkpt lat="49.24426" lon="20.09381">
        <ele>1055.41</ele>
      </trkpt>
      <trkpt lat="49.24581" lon="20.09439">
        <ele>1053.25</ele>
      </trkpt>
      <trkpt lat="49.24592" lon="20.09446">
        <ele>1052.44</ele>
      </trkpt>
      <trkpt lat="49.24643" lon="20.09488">
        <ele>1046.46</ele>
      </trkpt>
      <trkpt lat="49.24656" lon="20.09494">
        <ele>1045.28</ele>
      </trkpt>
      <trkpt lat="49.24671" lon="20.09495">
        <ele>1043.9</ele>
      </trkpt>
      <trkpt lat="49.24719" lon="20.09488">
        <ele>1036.62</ele>
      </trkpt>
      <trkpt lat="49.24731" lon="20.09488">
        <ele>1034.76</ele>
      </trkpt>
      <trkpt lat="49.24741" lon="20.0949">
        <ele>1032.82</ele>
      </trkpt>
      <trkpt lat="49.24788" lon="20.09507">
        <ele>1028.78</ele>
      </trkpt>
      <trkpt lat="49.24873" lon="20.09524">
        <ele>1024.35</ele>
      </trkpt>
      <trkpt lat="49.24945" lon="20.09549">
        <ele>1018.69</ele>
      </trkpt>
      <trkpt lat="49.24961" lon="20.09556">
        <ele>1016.71</ele>
      </trkpt>
      <trkpt lat="49.24996" lon="20.09585">
        <ele>1010.61</ele>
      </trkpt>
      <trkpt lat="49.25009" lon="20.09595">
        <ele>1011.86</ele>
      </trkpt>
      <trkpt lat="49.25054" lon="20.09616">
        <ele>1012.63</ele>
      </trkpt>
      <trkpt lat="49.25062" lon="20.09624">
        <ele>1011.34</ele>
      </trkpt>
      <trkpt lat="49.25068" lon="20.09633">
        <ele>1010.7</ele>
      </trkpt>
      <trkpt lat="49.25074" lon="20.09646">
        <ele>1009.04</ele>
      </trkpt>
      <trkpt lat="49.25079" lon="20.09661">
        <ele>1005.94</ele>
      </trkpt>
      <trkpt lat="49.2508" lon="20.09676">
        <ele>1003.91</ele>
      </trkpt>
      <trkpt lat="49.2508" lon="20.09689">
        <ele>1002.73</ele>
      </trkpt>
      <trkpt lat="49.25079" lon="20.09696">
        <ele>1002.22</ele>
      </trkpt>
      <trkpt lat="49.25072" lon="20.09719">
        <ele>1000.49</ele>
      </trkpt>
      <trkpt lat="49.25059" lon="20.09762">
        <ele>1000.01</ele>
      </trkpt>
      <trkpt lat="49.25056" lon="20.09776">
        <ele>1000.93</ele>
      </trkpt>
      <trkpt lat="49.25054" lon="20.09796">
        <ele>1002.05</ele>
      </trkpt>
      <trkpt lat="49.25056" lon="20.09835">
        <ele>1001.26</ele>
      </trkpt>
      <trkpt lat="49.25068" lon="20.09932">
        <ele>995.14</ele>
      </trkpt>
      <trkpt lat="49.25071" lon="20.09945">
        <ele>993.05</ele>
      </trkpt>
      <trkpt lat="49.25077" lon="20.0996">
        <ele>991.86</ele>
      </trkpt>
      <trkpt lat="49.25086" lon="20.09971">
        <ele>991.23</ele>
      </trkpt>
      <trkpt lat="49.251" lon="20.09983">
        <ele>991.6</ele>
      </trkpt>
      <trkpt lat="49.25118" lon="20.1">
        <ele>992.25</ele>
      </trkpt>
      <trkpt lat="49.25239" lon="20.10107">
        <ele>1000.75</ele>
      </trkpt>
      <trkpt lat="49.25416" lon="20.10262">
        <ele>990.63</ele>
      </trkpt>
      <trkpt lat="49.25454" lon="20.10298">
        <ele>985.56</ele>
      </trkpt>
      <trkpt lat="49.25467" lon="20.10279">
        <ele>983.44</ele>
      </trkpt>
      <trkpt lat="49.25517" lon="20.10303">
        <ele>981.17</ele>
      </trkpt>
      <trkpt lat="49.25534" lon="20.10262">
        <ele>981.22</ele>
      </trkpt>
      <trkpt lat="49.2558" lon="20.10301">
        <ele>979.03</ele>
      </trkpt>
    </trkseg>
  </trk>
</gpx>
